,headlines,categories,time
0,بیرونی طاقتیں پاکستان کو اندرونی طور پر کمزور کرنا چاہتی ہیں ، شاہ محمود قریشی ,"['کرپشن', 'پاکستان', 'شاہ محمود قریشی', 'ہالینڈ', 'بھارت', 'ملتان', 'وزیراعظم', 'سینیٹ', 'دنیا']",2021-02-28T23:22:17+0500
1,’آج پی ٹی آئی کے ساتھ ہیں لیکن آئندہ کا کچھ پتہ نہیں‘ ,"['صوبائی اسمبلی', 'پاکستان', 'الیکشن', 'پاکستان تحریک انصاف', 'متحدہ قومی موومنٹ', 'کراچی', 'عام انتخابات 2018', 'مذاکرات', 'حفیظ شیخ', 'ووٹ', 'اسمبلی', 'سینیٹ']",2021-02-28T23:01:10+0500
2,پی ایس ایل 6، لاہور قلندرز نے کراچی کنگز کو 6 وکٹوں سے ہرا دیا,"['کراچی کنگز', 'پاکستان سپر لیگ', 'لاہور', 'پاکستان', 'بارشیں', 'کھیل', 'مسیحی برادری', 'سنچری', 'کراچی', 'لاہور قلندرز']",2021-02-28T23:00:24+0500
3,سینٹ کے امیدوار عبدالحفیظ شیخ کی رکن قومی اسمبلی اسلم بھوتانی سے ملاقات,"['گوادر', 'قومی اسمبلی', 'حفیظ شیخ', 'وزیراعظم', 'ووٹ', 'اسمبلی', 'پارلیمنٹ']",2021-02-28T22:55:12+0500
4,ضمنی انتخابات کے بعد پی ڈ ی ایم سینیٹ انتخابات میں بھی بھر پور کامیابی حاصل کریگی ،حاجی علی مدد جتک ,"['بلوچستان', 'پیٹرول', 'پاکستان', 'کاروبار', 'احتجاج', 'پیپلز پارٹی', 'عام انتخابات 2018', 'وزیراعظم', 'مہنگائی', 'سینیٹ']",2021-02-28T22:55:12+0500
5,عوامی نیشنل پارٹی کے رہنماء اسد خان اچکزئی کا قتل در اصل حکومت کیلئے لمحہ فکر یہ ہے ، جمال شاہ کاکڑ ,"['بلوچستان', 'پاکستان', 'امن و امان', 'مہنگائی', 'قتل']",2021-02-28T22:55:12+0500
6,پاکستان نیشنل کونسل آف آرٹس کا جام شورو میں علاقائی دفتر قائم ہوگا,"['پاکستان', 'کار', 'سندھ', 'ڈاکٹر', 'دنیا']",2021-02-28T22:55:11+0500
7,حیدرآباد،پی ٹی سی ایل سینٹرل ایکسچینج میں شدید آتشزدگی سے پی ٹی سی ایل اور یوفون کا نظام بیٹھ گیا,"['کمپنی', 'گاڑیاں', 'آتشزدگی', 'انٹرنیٹ']",2021-02-28T22:55:11+0500
8,بلو چستان میں کو رونا وا ئر س کے 4نئے کیسز رپورٹ ،متاثرہ افراد کی تعداد 19049ہوگئی,"['کرونا وائرس', 'کوئٹہ']",2021-02-28T22:55:11+0500
9,لوگوںکی جان و مال کی ذمہ داری حکومت پر عائد ہے،حکمران عوام کو تحفظ دینے میں ناکام ہو چکے ہیں،مولانا عبد الحلیم مد نی ,"['مولانا سمیع الحق', 'امریکہ', 'اسرائیل', 'نیٹو', 'ڈکیتی', 'شہید', 'جمعیت', 'قتل']",2021-02-28T22:55:11+0500
10,سردار علی گوہر خان مہر کی جانب سے جی ڈی اے کے سربراہ پیر پگارا کے اعزاز میں چائے پارٹی کا اہتمام کیاگیا,"['کرپشن', 'ارباب غلام رحیم', 'الیکشن', 'سندھ', 'ڈاکٹر', 'عام انتخابات 2018', 'سیّد شاہ مردان شاہ', 'سینیٹ']",2021-02-28T22:55:10+0500
11,خالق کائنات نے محمد عربیؐ ، خلفائے راشدین اور صحابہ کرام کا قرآن مجید میں تذکرہ فرماکر امتِ محمدیہ پر احسان عظیم فرمایا،علامہ اورنگزیب فاروقی ,"['سندھ', 'کراچی', 'دنیا', 'عام انتخابات 2018']",2021-02-28T22:55:10+0500
12,شہزاد رائے کے بچپن کے دوست کا امریکا سے کراچی آتے ہوئے اچانک انتقال,"['پاکستان', 'دبئی', 'کراچی', 'ٹوئٹر', 'ائیرپورٹ']",2021-02-28T22:55:10+0500
13,ایم کیوایم نے انتخابی سیاست میں اترنے سے پہلے مزدوروں کو شعور اور نظریہ سے روشناس کرایا،ڈاکٹر خالد مقبول صدیقی,"['خالد مقبول', 'پاکستان', 'کار', 'قومی اسمبلی', 'سندھ', 'متحدہ قومی موومنٹ', 'ڈاکٹر', 'کراچی', 'پیپلز پارٹی', 'غریب', 'اسلام آباد', 'اسمبلی']",2021-02-28T22:55:09+0500
14,عامر خان کی پی ایس ایل کے سبب ٹریفک جام میں پھنس کر زخموں کی تاب نا لا کر جاں بحق ہونیوالے اسامہ کے گھرآمد،والدین سے تعزیت کی,"['پاکستان سپر لیگ', 'ٹریفک', 'پاکستان', 'موبائل', 'زخمی', 'جاں بحق', 'سندھ', 'متحدہ قومی موومنٹ']",2021-02-28T22:55:09+0500
15,حکمرانوں نے شہر قائد کو سب سے زیادہ محروم شہر بنا دیا ہے،حافظ نعیم الرحمن,"['میٹرو بس', 'بجٹ', 'پاکستان', 'الیکشن', 'مسلم لیگ (ن)', 'پیپلز پارٹی', 'تعلیم', 'مہنگائی', 'بجلی', 'بلوچستان', 'محمد علی جناح', 'سوئی گیس', 'ملتان', 'لاہور', 'بلدیاتی انتخابات', 'مردم شماری', 'پاکستان تحریک انصاف', 'سی این جی', 'سندھ', 'متحدہ قومی موومنٹ', 'ڈاکٹر', 'کراچی', 'عام انتخابات 2018', 'جماعت اسلامی', 'گورنر', 'کے الیکٹرک', 'سینیٹ', 'پانی', 'جمہوریت', 'پشاور', 'اسلام آباد', 'میٹرو', 'پنجاب']",2021-02-28T22:55:08+0500
16,پی ڈی ایم اسلام آباد میں اس قسم کا ماحول بنانے جارہی ہے کہ عمران خان اسمبلیاں تحلیل کردیں ,"['پارلیمنٹ', 'پاکستان', 'مریم نواز شریف', 'نجی ٹی وی چینل', 'کار', 'قومی اسمبلی', 'الیکشن', 'پاکستان تحریک انصاف', 'مسلم لیگ (ن)', 'ڈاکٹر', 'عام انتخابات 2018', 'لانگ مارچ', 'حفیظ شیخ', 'اسلام آباد', 'ووٹ', 'اسمبلی', 'یوسف رضا گیلانی', 'سینیٹ']",2021-02-28T22:36:28+0500
17,پاک سرزمین پارٹی کے تحت سہراب گوٹھ میں عوامی جلسے کا انعقاد کیا گیا,"['پاک سرزمین پارٹی', 'پاکستان', 'محمد علی جناح', 'جلسہ', 'سید مصطفی کمال', 'کراچی', 'ریکارڈ', 'دنیا']",2021-02-28T22:20:06+0500
18,رواں مالی سال کے پہلے 7 ماہ امریکا کو برآمدات میں 9.82 فیصد اضافہ,"['امریکہ', 'پاکستان', 'اسٹیٹ بینک آف پاکستان', 'ڈالر', 'ریکارڈ', 'برآمدات']",2021-02-28T22:20:06+0500
19,شادی ہال میں خاتون کا دولہے پر چھری سے حملہ، دولہا زخمی,"['حملہ', 'زخمی', 'سندھ', 'شہید', 'پولیس', 'شادی']",2021-02-28T22:20:06+0500
20,عظیم الشان پختون جلسے نے نئی دہلی اور لندن تک صف ماتم بچھا دیا ہے،ملک دشمنوں کے سارے عزائم خاک میں مل گئے ہیں، مصطفی کمال,"['پاک سرزمین پارٹی', 'پاکستان', 'دہلی', 'بھارت', 'سید مصطفی کمال', 'کراچی', 'وزیراعظم', 'دنیا']",2021-02-28T22:20:05+0500
21,سہراب گوٹھ پاکستانیوں کا علاقہ ہے، دیکھو آج پختون مصطفی کمال کے ساتھ ہیں،انیس قائم خانی ,"['پاک سرزمین پارٹی', 'پاکستان', 'جلسہ', 'سید مصطفی کمال', 'کراچی']",2021-02-28T22:20:05+0500
22,موجودہ حکومت عوام کی فلاح وبہبود کیلئے ترجیحی بنیادوں پر اقدامات اٹھا رہی ہے،ڈپٹی اسپیکر قومی اسمبلی,"['کرونا وائرس', 'بلاول بھٹو زرداری', 'پاکستان', 'پانی', 'مریم نواز شریف', 'قومی اسمبلی', 'بھارت', 'سندھ', 'آصف علی زرداری', 'پاکستان تحریک انصاف', 'وزیراعظم', 'سری لنکا', 'سی ڈی اے', 'عام انتخابات 2018', 'اسلام آباد', 'اسمبلی', 'دنیا', 'برآمدات']",2021-02-28T22:20:04+0500
23,حمزہ شہباز شریف کو بلاول بھٹو زرداری کاٹیلی فون ،رہائی پر مبارکباد دی,"['بلاول بھٹو زرداری', 'پاکستان', 'الیکشن', 'حمزہ شہباز', 'آصف علی زرداری', 'پیپلز پارٹی', 'عام انتخابات 2018', 'شہباز شریف', 'شادی', 'سینیٹ', 'پنجاب']",2021-02-28T22:20:04+0500
24,سینٹ انتخابات میں پارٹی امیدوار کو ووٹ نہ دینے والے ممبران پر ڈیفیکشن کلاز لاگو نہیں ہوتی،نیر بخاری,"['جمہوریت', 'عدالت', 'سپریم کورٹ', 'الیکشن', 'سندھ', 'حمزہ شہباز', 'پیپلز پارٹی', 'لانگ مارچ', 'شہباز شریف', 'عام انتخابات 2018', 'ووٹ', 'الیکشن کمیشن', 'یوسف رضا گیلانی']",2021-02-28T22:20:04+0500
25,سینیٹ کی دو نشستوں کیلئے اتحاد قربان نہیں کیا جاسکتا، ایم کیو ایم ارکان,"['ایم کے', 'الیکشن', 'سندھ', 'متحدہ قومی موومنٹ', 'کراچی', 'پیپلز پارٹی', 'عام انتخابات 2018', 'ووٹ', 'اسمبلی', 'یوسف رضا گیلانی', 'سینیٹ']",2021-02-28T22:20:04+0500
26,وزیراعظم عمران خان ملک میں کرپشن کے خاتمے اور نظام کی شفافیت اور تبدیلی کیلئے پر عزم ہیں،شاہ محمود قریشی,"['کرپشن', 'پاکستان', 'شاہ محمود قریشی', 'ہالینڈ', 'بھارت', 'توہین رسالت', 'وزیراعظم', 'سینیٹ', 'دنیا']",2021-02-28T22:20:03+0500
27,بنی گالہ میں وزیر اعظم کی رہائش گاہ کے قریب فائرنگ، 3 افراد قتل ,"['سڑک', 'احتجاج', 'اسلحہ', 'فائرنگ', 'زخمی', 'ڈاکٹر', 'تھانہ', 'مذاکرات', 'اسلام آباد', 'پولیس', 'قتل']",2021-02-28T22:14:03+0500
28,پی ڈی ایم کا لانگ مارچ سے پہلے تحریک عدم اعتماد لانے کا فیصلہ ,"['بلاول بھٹو زرداری', 'شہید', 'ایم کے', 'پاکستان', 'الیکشن', 'متحدہ قومی موومنٹ', 'آصف علی زرداری', 'مولانا فضل الرحمن', 'کراچی', 'لانگ مارچ', 'عام انتخابات 2018', 'سینیٹ', 'ووٹ', 'مہنگائی']",2021-02-28T21:47:15+0500
29,راولپنڈی پولیس کی جرائم پیشہ عناصر کیخلاف کارروائی ،07ملزمان گرفتار ،اسلحہ و منشیات بر آمد,"['پولیس', 'تھانہ', 'مری']",2021-02-28T21:15:07+0500
30,راولپنڈی پولیس کا پتنگ بازوں کیخلاف کریک ڈائون جاری ،43ملزمان گرفتار، پتنگیں اور ڈوریں برآمد ,['پولیس'],2021-02-28T21:15:06+0500
31,راولپنڈی،تھانہ ٹیکسلا پولیس کی کارروائی،02منشیات فروش گرفتار، 01کلو سے زائد چرس برآمد,"['منشیات', 'پولیس', 'تھانہ']",2021-02-28T21:15:06+0500
32,راولپنڈی،پوٹھوہار ڈویژن پولیس کی کارروائی،مختلف مقدمات میں مطلوب02 اشتہاری مجرمان گرفتار,"['عدالت', 'پولیس', 'ڈکیتی']",2021-02-28T21:15:06+0500
33,راولپنڈی پولیس کی کارروائی،بچوں سے زیادتی کرنے والے 03ملزمان گرفتار,"['کھیل', 'پولیس', 'تھانہ', 'ائیرپورٹ']",2021-02-28T21:15:05+0500
34,راولپنڈی پولیس کی جانب مسیحی برادری کو تحفظ فراہم کرنے کا سلسلہ جاری، گرجا گھروں کی سیکورٹی کیلئے سیکورٹی انتظامات,"['مسیحی برادری', 'پولیس']",2021-02-28T21:15:05+0500
35,راولپنڈی،تھانہ صدر واہ پولیس کی اہم کارروائی،11 سالہ بچے سے زیادتی کی کوشش کرنے والے 02 ملزمان گرفتار,"['عدالت', 'میرا', 'پولیس', 'تھانہ']",2021-02-28T21:15:05+0500
36,اسلام آ باد پولیس نے پر اپرٹی جر ائم میںملوث 156ملزمان کو گرفتار کرلیا،6کر وڑ60لا کھ سے زائد ما لیت کا چھینا گیا ما ل ، گا ڑ یا ں اور موٹر سائیکلز برآمد ,"['اسلحہ', 'کار', 'ڈاکٹر', 'ڈکیتی', 'منشیات', 'پولیس']",2021-02-28T21:15:04+0500
37,تبدیلی سرکار نے عوام کو مہنگاہی کے سونامی میں ڈبونے کے سوا کچھ نہیں کیا،سید سبط الحیدر بخاری,"['پاکستان', 'پیپلز پارٹی', 'سونامی', 'ریکارڈ', 'مہنگائی']",2021-02-28T21:15:04+0500
38,ْاسلام آباد ،تھا نہ سہا لہ پولیس کاجر ائم پیشہ عناصر کیخلاف کریک ڈائون ، 10ملزمان گرفتار ,"['ڈاکٹر', 'اسلحہ', 'پولیس', 'ڈکیتی']",2021-02-28T21:15:04+0500
39,اسلام آباد میں عالمی وبا کورونا کیسز میں ایک بار پھر اضافہ ہونے لگا,"['ٹوئٹر', 'کرونا وائرس']",2021-02-28T21:15:03+0500
40,سی ڈی اے مزدور یونین ملازمین کے حقوق کی حقیقی محافظ ہے ،چوہدری محمد یٰسین ,"['سی ڈی اے', 'راجہ بشارت']",2021-02-28T21:15:03+0500
41,ثقافتی سرگرمیوں سے معاشرے میں محبت رواداری اور برداشت کو فروغ ملتا ہے ،ڈپٹی کمشنر اسلام آباد,"['کرونا وائرس', 'اسلام آباد', 'موسیقی']",2021-02-28T21:15:02+0500
42,ٹریفک کنٹرول نہ کرنے پر سینئر ٹریفک وارڈن سمیت 3 وارڈنز معطل ,"['پولیس', 'ٹریفک']",2021-02-28T21:10:07+0500
43,ضلعی انتظامیہ لاہور نے پرائس کنٹرول رپورٹ جاری کردی,"['ریاض', 'لاہور']",2021-02-28T21:10:07+0500
44,1 لاکھ30 ہزار مستحقین میں 1 ارب 19 کروڑ روپے تقسیم کرچکے ہیں‘شوکت لالیکا,"['اسمبلی', 'پنجاب']",2021-02-28T21:10:06+0500
45,حافظ سلمان بٹ مرد قلندرتھے ‘خواجہ سعد رفیق ,"['ریلوے', 'خواجہ سعد رفیق']",2021-02-28T21:10:06+0500
46,بزنس کمیونٹی ملک کی ریڑھ کی ہڈی کی حیثیت رکھتی ہے،جسٹس (ر) جاوید اقبال,"['کرپشن', 'نقصان', 'پاکستان', 'کاروبار', 'قائداعظم', 'اقوام متحدہ', 'محمد علی جناح', 'قرضہ', 'ڈالر', 'چیئرمین نیب']",2021-02-28T21:10:05+0500
47,وزیراعظم عمران خان سینٹ انتخابات میں شفافیت ،اپوزیشن دھونس دھاندلی چاہتی ہے، سینیٹر فیصل جاوید,"['صوبائی اسمبلی', 'کرپشن', 'جمہوریت', 'پشاور', 'پاکستان', 'عدالت', 'سپریم کورٹ', 'تعلیم', 'پاکستان تحریک انصاف', 'پیپلز پارٹی', 'عام انتخابات 2018', 'وزیراعظم', 'اسمبلی']",2021-02-28T21:10:05+0500
48,زرداری خاندان کی سہولت کاری اور کرپشن چھپانے کے معیار پر پورا اترنے والے مشترکہ امیداور کو سینیٹ الیکشن میں ناکامی ہو گی، مرا دسعید ,"['کرپشن', 'پاکستان', 'عدالت', 'کھیل', 'کار', 'الیکشن', 'حفیظ شیخ', 'ووٹ', 'گاڑیاں', 'کرکٹ', 'میاں نواز شریف', 'آصف علی زرداری', 'مولانا فضل الرحمن', 'دھرنا', 'عام انتخابات 2018', 'یوسف رضا گیلانی', 'سینیٹ', 'سپریم کورٹ', 'سیلاب']",2021-02-28T21:10:04+0500
49,شاہد خاقان اور پرویز اشرف کی فضل الرحمان سے ملاقات,"['ایم کے', 'پاکستان', 'راجہ پرویز اشرف', 'عام انتخابات 2018', 'لانگ مارچ', 'شاہد خاقان عباسی', 'یوسف رضا گیلانی', 'سینیٹ']",2021-02-28T21:10:04+0500
50,پی ڈی ایم میں شامل دو بڑی سیاسی جماعتوں کا لا نگ مارچ سے قبل تحریک عدم اعتماد لانے پر اتفاق,"['بلاول بھٹو زرداری', 'الیکشن', 'مولانا فضل الرحمن', 'عام انتخابات 2018', 'لانگ مارچ', 'یوسف رضا گیلانی', 'سینیٹ']",2021-02-28T21:10:04+0500
51,وزیر اعظم عمران خان نے سینیٹ انتخابات کے حوالے سے ارکان قومی اسمبلی سے ملاقاتوں کا فیصلہ کرلیا ,"['قومی اسمبلی', 'عام انتخابات 2018', 'اسمبلی', 'پارلیمنٹ', 'سینیٹ']",2021-02-28T21:10:03+0500
52,اسلام آباد میں کورونا وائرس ایک بار پھر سر اٹھانے لگا ,"['کرونا وائرس', 'پاکستان', 'علاج', 'جاں بحق', 'ٹوئٹر', 'اسلام آباد']",2021-02-28T21:05:57+0500
53,کوئٹہ سمیت ان تمام اضلاع جن میں شٹرٹاون ہڑتال کی گئی ان تمام تاجر برادری کا شکریہ ادا کرتے ہیں ، مرکزی انجمن تاجران بلوچستان ,"['شہید', 'بلوچستان', 'کوئٹہ']",2021-02-28T21:05:10+0500
54,اسدخان اچکزئی کے قتل کیخلاف ژوب شہر میں مکمل شٹرڈاؤن، ہڑتال تمام تجارتی مراکز بند اور احتجاجی مظاہرہ ہوا ,"['افغانستان', 'قتل', 'اے این پی']",2021-02-28T21:05:10+0500
55,میٹر ریڈرز ،ڈپلومہ ہولڈرزاور کلرکل سٹاف کے مسائل کے حل کیلئے 11مارچ کو چیف آفس میں دھرنا دیا جائیگا، کیسکوگرینڈ الائنس ,"['نجکاری', 'بلوچستان', 'موبائل', 'کار', 'مولانا فضل الرحمن', 'دھرنا', 'بجلی']",2021-02-28T21:05:09+0500
56,محکمہ تعلیم ژوب میں معذور کوٹہ پر میرٹ کی پامالی اور مدنظر افراد کی تعیناتی سے حکومتی بلند وبانگ دعوے دھرے کے دھرے رہ گئے,"['چیف جسٹس', 'احتجاج', 'بلوچستان', 'تعلیم']",2021-02-28T21:05:09+0500
57,اسد خان اچکزئی کے اغواء کے بعد قتل کی جتنی مذمت کی جائے کم ہے ،لالا یوسف خلجی ,"['بلوچستان', 'اے این پی', 'جرگہ', 'پولیس', 'قتل']",2021-02-28T21:05:08+0500
58,پاکستان یوتھ پیس موومنٹ اسد خان اچکزئی کے متاثرہ خاندان کے غم میں برابرکی شریک ہے ،ارباب ناصرحیدر کاسی ,"['بلوچستان', 'کوئٹہ', 'پاکستان', 'اے این پی', 'ڈاکٹر', 'پولیس', 'قتل']",2021-02-28T21:05:08+0500
59,سوئی سدرن گیس کمپنی کا ناروا سلوک جاری ،مختلف علا قوں میں تین روز سے گیس پریشر نہ ہونے کے برابر ، عوامی حلقوں کا حکام سے نو ٹس لینے کا مطالبہ,"['بلوچستان', 'عدالت', 'سوئی گیس', 'غریب', 'کمپنی', 'پنجاب']",2021-02-28T21:05:08+0500
60,عوامی نیشنل پارٹی کے صوبائی سیکرٹری اطلاعات اسدخان اچکزئی کے بہیمانہ قتل کے واقعہ کیخلاف پشین شہر میں مکمل شٹرڈاون ہڑتال رہی,"['چارسدہ یونیورسٹی حملہ', 'جمہوریت', 'ٹریفک', 'پاکستان', 'اے این پی', 'مسلم لیگ (ن)', 'شہید', 'جمعیت', 'قتل']",2021-02-28T21:05:07+0500
61,اسداچکزئی کا قتل لمحہ فکریہ ،قابل مذمت ہے، ہم مظلوم خاندان کیساتھ ہیں،مولانا عبدالحق ہاشمی ,"['بلوچستان', 'الیکشن', 'عام انتخابات 2018', 'جماعت اسلامی', 'غریب', 'مہنگائی', 'قتل']",2021-02-28T21:05:07+0500
62,عوامی نیشنل پارٹی کے صوبائی ترجمان شہید اسدخان اچکزئی کو ہزاروں سوگواروں کی موجودگی میں سپرد خاک کردیا گیا ,"['کوئٹہ', 'فٹبال', 'موبائل', 'گاڑی', 'اسلحہ', 'عدالت', 'اے این پی', 'قاتل', 'شہید', 'پولیس', 'قتل']",2021-02-28T21:05:06+0500
63,پارلیمانی لیڈر سر دار یار محمد رند سے پشتونخواملی عوامی پارٹی کے وفد کی ملا قات ،سینٹ انتخابا ت پر تبا دلہ خیا ل ,"['تعلیم', 'عام انتخابات 2018', 'پاکستان تحریک انصاف', 'پاکستان']",2021-02-28T21:05:06+0500
64,جمعیت علماء اسلام کے مرکزی سیکر ٹری جنرل سینیٹر مولانا عبد الغفور حید ری کی نواب محمد اسلم رئیسانی سے ملا قات,"['کوئٹہ', 'اسلم رئیسانی', 'علما', 'عام انتخابات 2018', 'جمعیت']",2021-02-28T21:05:06+0500
65,کوئٹہ سمیت بلو چستان بھر میں نان کسٹم پیڈ گا ڑیوں کے خلاف کریک ڈائون کا آغا رواں ماہ کیا جائے گا ،کلکٹر کسٹمز پریونٹیو کوئٹہ عرفان جاوید ,['کوئٹہ'],2021-02-28T21:05:06+0500
66,دالبندین کیو آر ایف اور لیویز فورس کی پوستی کے علاقے کلبرگ میں کارروائی ،ضلع کے اندر مختلف وارداتوں میں ملوث ڈاکوئوں کے سرغنہ اسلحہ سمیت گرفتار ,"['اسلحہ', 'تھانہ']",2021-02-28T21:05:06+0500
67,اسد خان اچکزئی کی بے رحمانہ شہادت سے پورا ملک اور صوبہ سوگوار ہو گیا ہے،سینیٹر سردار یعقوب خان ناصر ,"['شہید', 'احتجاج', 'اے این پی', 'اصغر خان', 'گورنر', 'قتل']",2021-02-28T21:05:05+0500
68,سینٹ انتخابات سے قبل بلوچستان عوامی پارٹی کے صدر وزیراعلیٰ جام کمال خان نے اتحادیوں کو منانے کا سلسلہ شروع کردیا ,"['بلوچستان', 'کوئٹہ', 'وزیر اعلیٰ', 'الیکشن', 'صادق سنجرانی ', 'عام انتخابات 2018', 'اسمبلی', 'سینیٹ']",2021-02-28T21:05:04+0500
69,بلوچستان عوامی پارٹی کی سینیٹ کی جنرل نشست پر امیدوار ستارہ ایاز سینیٹ انتخابات سے دستبردا ر ،(آج) ریٹائر ہونے کا امکان,"['بلوچستان', 'سینیٹ', 'عام انتخابات 2018']",2021-02-28T21:05:04+0500
70,ہارس ٹرینڈنگ کے خاتمے کے دعویدار خود گھوڑے بھگا رہے ہیں،سردار اختر جان مینگل ,"['صوبائی اسمبلی', 'بلوچستان', 'کوئٹہ', 'اسلم رئیسانی', 'عام انتخابات 2018', 'اسمبلی', 'سینیٹ']",2021-02-28T21:05:04+0500
71,یوتھ کی صلاحیتوں کو نکھارنے کیلئے حکومت نے ٹیلنٹ ہنٹ پروگرام شروع کیا ہے،وزیراعلی بلوچستان ,"['بلوچستان', 'فلم', 'پاکستان', 'کھیل', 'ڈالر', 'دنیا']",2021-02-28T21:05:03+0500
72,پی ایس ایل 6، کراچی کنگز کا لاہور قلندرزکو جیت کے لیے 187 رنز کا ہدف,"['کراچی کنگز', 'پاکستان سپر لیگ', 'لاہور', 'پاکستان', 'کھیل', 'مسیحی برادری', 'سنچری', 'کراچی', 'لاہور قلندرز']",2021-02-28T20:58:54+0500
73,سجاول کے شہرمیرپوربٹھورو میں طالب علم سے جنسی زیادتی اور ویڈیوبناکربلیک میل کرنے کا انکشاف,[],2021-02-28T20:45:08+0500
74,میرپوربٹھورو میں قتل کئے گئے نوجوان نوید چانڈیوکے والد ،والدہ بھائی اور رشتہ داروں کاقاتلوں کی گرفتاری کیلئے احتجاج ,"['احتجاج', 'تھانہ', 'قاتل', 'پولیس', 'بجلی', 'قتل']",2021-02-28T20:45:08+0500
75,رمضان کے روزے جسمانی اور ذہنی صحت کے لیے فائدہ مند، بیماریوں میں مبتلا افراد معالجین سے مشورے سے روزے رکھیں: ماہرین,"['ریاض', 'پاکستان', 'قطر', 'پانی', 'کار', 'ڈاکٹر', 'مصباح الحق', 'برطانیہ', 'منشیات', 'حج', 'ٹیکنالوجی', 'سعودی', 'دنیا']",2021-02-28T20:45:07+0500
76,چینی کا مصنوعی بحران پیدا کرنے والا مافیا ایک بار پھر سرگرم ہوگیا ہے، ثروت اعجاز قادری,"['کرپشن', 'رمضان المبارک', 'پاکستان', 'مسئلہ کشمیر', 'بھارت', 'کراچی', 'فوج', 'غریب', 'طوفان', 'مہنگائی', 'دنیا']",2021-02-28T20:45:07+0500
77,ڈہرکی کے ایک گاں میں آتشزدگی ، کپڑے کے جھولے میں سویا ہوا دو سالہ معصوم بچہ جاں بحق,"['آتشزدگی', 'کار', 'جاں بحق']",2021-02-28T20:45:07+0500
78,سندھ سولڈ ویسٹ مینجمنٹ بورڈ انتظامیہ ملازمین کی چارٹر آف ڈیمانڈ کو فوری طور پر منظور کرے، صدرمیونسپل ورکرز ٹریڈ یونینز الائنس ,"['جرمانہ', 'ڈرائیور', 'مذاکرات']",2021-02-28T20:45:06+0500
79,کے ایم سی کا محکمہ فنانس ایڈمنسٹریٹر، میٹروپولیٹن کمشنر اور حکومت سندھ کو ماموں بنانے میں مصروف ہے، سجن یونین کے ایم سی ,"['سندھ', 'احتجاج', 'کار']",2021-02-28T20:45:06+0500
80,سینیٹ میں اوپن ووٹنگ کے لئے آئین میں دو تھائی اکثریت سے ترمیم صرف پارلیمنٹ ہی کرسکتی ہے عدالت نہیں، نثار کھوڑو ,"['فریال تالپور', 'پاکستان', 'عدالت', 'پاکستان تحریک انصاف', 'سندھ', ' نثار کھوڑو', 'پیپلز پارٹی', 'عام انتخابات 2018', 'نگران حکومت', 'وزیراعظم', 'ووٹ', 'اسمبلی', 'پارلیمنٹ', 'سینیٹ']",2021-02-28T20:45:05+0500
81,عالم اسلام کو چائیے کہ وہ متحد ہوکر اسلام دشمن طاقتوں کے خلاف آواز حق بلند کریں، علامہ ناظر عبا س تقوی,"['پاکستان', 'کار', 'سندھ', 'علما', 'دنیا']",2021-02-28T20:45:05+0500
82,حکومت سندھ حلقہ پی ایس 115 کے عوام کو اپنی انا اور ہٹ دہرمی کا شکار نہ بنائے، ممبر صوبائی اسمبلی مفتی محمد قاسم فخری ,"['صوبائی اسمبلی', 'پاکستان', 'بلدیاتی انتخابات', 'الیکشن', 'سندھ', 'کراچی', 'پیپلز پارٹی', 'عام انتخابات 2018', 'ووٹ', 'اسمبلی', 'پانی']",2021-02-28T20:45:05+0500
83,کھیلوں کے فروغ سے نوجوان مثبت اور تعمیری سرگرمیوں میں بڑھ چڑھ کر حصہ لے رہے ہیں، عمران اسماعیل,"['پاکستان', 'کھیل', 'علاج', 'سندھ', 'کراچی', 'غریب', 'وزیراعظم', 'دنیا']",2021-02-28T20:45:04+0500
84,گورنر سندھ عمران اسماعیل سے ایم کیو ایم پاکستان کے وفد کی ملاقات,"['ایم کے', 'پاکستان', 'سندھ', 'متحدہ قومی موومنٹ', 'اسمبلی', 'گورنر', 'پولیس']",2021-02-28T20:45:04+0500
85,گورنر سندھ عمران اسماعیل سے متحدہ قومی موومنٹ پاکستان کے دو رکنی وفدکی ملاقات,"['صوبائی اسمبلی', 'پاکستان', 'سندھ', 'متحدہ قومی موومنٹ', 'گورنر', 'وزیراعظم', 'پولیس', 'اسمبلی']",2021-02-28T20:45:03+0500
86,پاکستانی معاشرے میں ’مذہبیت عسکریت پسندی میں اضافے کی وجہ‘,"['عسکریت پسند', 'پاکستان', 'ملالہ یوسف زئی', 'ہلاک', 'کار', 'دھمکی', 'کابل', 'فوج', 'ٹوئٹر', 'برطانیہ', 'طالبان', 'دہشت گرد', 'فائرنگ', 'سندھ', 'القاعدہ', 'افغانستان', 'اسلام آباد', 'تحریک طالبان پاکستان', 'قتل', 'پنجاب']",2021-02-28T20:40:07+0500
87,وزیر اعظم عمران خان نے سینیٹ الیکشن جیتنے کی حکمت عملی بنالی,"['پارلیمنٹ', 'ایم کے', 'پاکستان', 'راجہ پرویز اشرف', 'قومی اسمبلی', 'الیکشن', 'پاکستان تحریک انصاف', 'مولانا فضل الرحمن', 'عام انتخابات 2018', 'لانگ مارچ', 'شاہد خاقان عباسی', 'اسلام آباد', 'اسمبلی', 'یوسف رضا گیلانی', 'سینیٹ']",2021-02-28T20:29:42+0500
88,انکم ٹیکس گوشوارے جمع کروانے والوں کی تعداد میں ریکارڈ اضافہ ,"['ریکارڈ', 'ایف بی آر']",2021-02-28T20:09:41+0500
89,بغیر اجازت دوسری شادی پر پہلی بیوی نے شوہر کو تشدد کا نشانہ بنا ڈالا,"['بیوی', 'حملہ', 'زخمی', 'پولیس', 'شادی']",2021-02-28T20:09:27+0500
90,منگنی کی تقریب میں جانے والی 8 سالہ بچی جنسی زیادتی کا نشانہ بن گئی ,"['حادثہ', 'پولیس', 'قتل', 'پنجاب']",2021-02-28T19:49:44+0500
91,آل سندھ سید غلام شبیر شاہ میموریل فٹبال ٹورنامنٹ میں سنسنی خیز مقابلے جاری,"['سندھ', 'فٹبال', 'کھیل']",2021-02-28T19:45:07+0500
92,لاہور پولو کلب کے زیراہتمام اتحاد پنجاب پولو کپ 2021ء ٹیم بی این پولو نے جیت لیا,"['پولو', 'لاہور', 'پنجاب']",2021-02-28T19:45:06+0500
93,سکھر میں تین روزہ بلائنڈ کرکٹ ٹورنامنٹ کا افتتاح آج ہوگا ,"['پاکستان', 'پاکستان کرکٹ بورڈ', 'کھیل', 'کرکٹ', 'پی سی بی', 'سندھ', 'دنیا', 'پنجاب']",2021-02-28T19:45:06+0500
94,مایہ ناز پاکستانی باکسر محمد وسیم شادی کے بندھن میں بندھ گئے,"['لاہور', 'پاکستان', 'ڈاکٹر', 'کراچی', 'گورنر', 'شادی']",2021-02-28T19:45:05+0500
95,گبین جبہ سنو سپورٹس اینڈکلچرل فیسٹول تمام رعنائیوں کے ساتھ اختتام پذیر,"['میرا', 'ٹریفک', 'سڑک', 'سائیکلنگ', 'سوات', 'موسیقی', 'اسلام آباد', 'پولیس', 'ایف سی']",2021-02-28T19:45:05+0500
96,استحکام پاکستان ٹیبل ٹینس ٹورنامنٹ فرنٹیئر کالج نے جیت لیا,"['ٹینس', 'پاکستان']",2021-02-28T19:45:05+0500
97,آئی سی سی کی نئی ٹیسٹ پلیئرز رینکنگ جاری، بیٹسمینوں کے سات نمبروں میں کوئی ردوبدل نہیں ہوا ,"['نیوزی لینڈ', 'بھارت', 'کرکٹ', 'پاکستان']",2021-02-28T19:45:04+0500
98,کے پی ایل کیلئے اوور سیز کھلاڑیوں کے ٹرائلز کا آغاز کر دیا گیا,"['ٹی ٹونٹی', 'مسئلہ کشمیر', 'کرکٹ', 'پاکستان']",2021-02-28T19:45:04+0500
99,حفیظ سے بورڈ کے خوشگوار تعلقات ہیں، وسیم خان,"['پاکستان کرکٹ بورڈ', 'کرکٹ', 'پی سی بی', 'پاکستان']",2021-02-28T19:45:03+0500
100,کسی کھلاڑی پر چارج لگا کر پی سی بی کو خوشی نہیں ہوتی،چیف آپریٹنگ آفیسر,"['پاکستان', 'پاکستان کرکٹ بورڈ', 'عدالت', 'جرمانہ', 'کرکٹ', 'پی سی بی']",2021-02-28T19:45:03+0500
101,وزیراعظم عمران خان نے جہلم میں ٹلہ جوگیاں نیشنل پارک کا افتتاح کردیا,"['وزیراعظم', 'عثمان بزدار', 'فواد چوہدری', 'پنجاب']",2021-02-28T19:40:06+0500
102,صدارتی ریفرنس کے حوالے سے فیصلہ (آج) آ جائیگا،عدالتی فیصلہ سب کو منظور ہوگا،سینیٹرفیصل جاوید,"['رضا ربانی', 'پاکستان', 'پاکستان تحریک انصاف', 'الیکشن', 'عام انتخابات 2018', 'خیبرپختونخوا', 'قاضی فائز عیسیٰ کیخلاف ریفرنس خارج', 'تعلیم', 'اسمبلی', 'سینیٹ']",2021-02-28T19:40:06+0500
103,خیبرپختونخوا میں طبی عملے کے 16595 اہلکاروں کو ویکسین دی جا چکی ہے، تیمور جھگڑا,"['کرونا وائرس', 'خیبرپختونخوا', 'پشاور', 'سوات']",2021-02-28T19:40:06+0500
104,وزیراعظم عمران خان نے سینیٹ انتخابات 2021ء میں کامیابی کے لیے حکمتِ عملی ترتیب دیدی,"['پارلیمنٹ', 'قومی اسمبلی', 'عام انتخابات 2018', 'حفیظ شیخ', 'وزیراعظم', 'اسمبلی', 'یوسف رضا گیلانی', 'سینیٹ']",2021-02-28T19:40:05+0500
105,پی ٹی آئی کی دعوت میں ایم کیو ایم کی عدم شرکت,"['صوبائی اسمبلی', 'ایم کے', 'پاکستان', 'پاکستان تحریک انصاف', 'متحدہ قومی موومنٹ', 'پیپلز پارٹی', 'اسمبلی']",2021-02-28T19:40:05+0500
106,فیصل آباد ، کم سن گھریلو ملازمہ کی پراسرار موت کے بعد مالک مکان کو حراست میں لے لیا گیا ,"['پولیس', 'جاں بحق']",2021-02-28T19:40:05+0500
107,یوسف رضا گیلانی بھاری اکثریت سے سینیٹر منتخب ہوجائیں گے، شاہد خاقان,"['الیکشن', 'حمزہ شہباز', 'عام انتخابات 2018', 'شاہد خاقان عباسی', 'وزیراعظم', 'یوسف رضا گیلانی', 'سینیٹ']",2021-02-28T19:40:05+0500
108,ترجمان دفتر خارجہ زاہد حفیظ آسٹریلیا میں ہائی کمشنر تعینات ، وزیر اعظم نے کئی ممالک میں سفیروں کی تعیناتی کی منظور ی دیدی ,"['عراق', 'ہالینڈ', 'دفتر خارجہ', 'ناروے', 'کینیڈا']",2021-02-28T19:40:04+0500
109,ایف بی آر نے رواں مالی سال جولائی تا فروری عرصہ میں ہدف سے زائد ریونیو حاصل کر لیا ,['پاکستان'],2021-02-28T19:40:04+0500
110,شہباز گل نے پیٹرولیم مصنوعات کی قیمتوں میں اضافے سے متعلق خبروں کی تردید کردی,"['ٹوئٹر', 'وزیراعظم', 'پیٹرول', 'سوئی گیس']",2021-02-28T19:40:04+0500
111,سینیٹ الیکشن میں پی ڈی ایم امیدوار سرپرائزنگ نتائج دینگے، بلاول بھٹو زر داری ،مولانا فضل الرحمن ملاقات ,"['ایم کے', 'پاکستان', 'الیکشن', 'اے این پی', 'مسلم لیگ (ن)', 'پیپلز پارٹی', 'شہید', 'ووٹ', 'بلاول بھٹو زرداری', 'بلوچستان', 'متحدہ قومی موومنٹ', 'آصف علی زرداری', 'مولانا فضل الرحمن', 'کراچی', 'عام انتخابات 2018', 'جماعت اسلامی', 'وزیراعظم', 'یوسف رضا گیلانی', 'سینیٹ', 'پنجاب']",2021-02-28T19:40:03+0500
112,اراکین پارلیمنٹ حکومت نہیں پی ڈی ایم کے ساتھ ہیں ، سینیٹ نتائج میں سرپرائز دیں گے : بلاول ,"['بلاول بھٹو زرداری', 'پارلیمنٹ', 'شہید', 'ایم کے', 'پاکستان', 'الیکشن', 'متحدہ قومی موومنٹ', 'آصف علی زرداری', 'مولانا فضل الرحمن', 'کراچی', 'عام انتخابات 2018', 'سینیٹ', 'ووٹ', 'یوسف رضا گیلانی', 'مہنگائی']",2021-02-28T19:33:21+0500
113,سکھرکی احتساب عدالت سے سزا پانے والا ایک ملزم جیل میں چل بسا,"['جیل', 'عدالت', 'کرپشن']",2021-02-28T19:30:13+0500
114,سرکاری دفتر کو ہال میں تبدیل کرنے کی خبروں کا نوٹس انجینئر ہائی وے ستار شاہ کا تبادلہ,[],2021-02-28T19:30:13+0500
115,جیکب آباد پولیس نے ہندو نوجوان کو قتل کرنے کا مقدمہ درج کر لیا,"['غریب', 'پولیس', 'تھانہ', 'قتل']",2021-02-28T19:30:13+0500
116,اوقاف ایکٹ متنازعہ ہے جو اسلام آباد میں نافذ کیا گیا ہے ، مولانا اسعد تھانوی ,"['دہلی', 'اسمبلی', 'قومی اسمبلی', 'ڈاکٹر']",2021-02-28T19:30:12+0500
117,بدین،حیدرآباد روڈ پر مبینہ غیر رجسٹرڈ اور ملاوٹ والی غیر معیاری کوکنگ آئل فیکٹری قائم,"['نقصان', 'کار', 'مہنگائی']",2021-02-28T19:30:12+0500
118,ملاکاتیار روڈ پر مزدوروں سے بھری سوزوکی پک اپ گاڑی کا ٹائر برسٹ ہونے سے الگ گئی، ایک جاں بحق ,"['پولیس', 'زخمی', 'گاڑی']",2021-02-28T19:30:12+0500
119,جی او آر کالونی اور مختلف سرکاری کوارٹرز، پلاٹس اور املاک سے قبضے ختم کرانے کے لئے ہنگامی بنیادوں پر اقدامات کئے جائیں ، ڈپٹی کمشنر خیرپور ,['عدالت'],2021-02-28T19:30:11+0500
120,فیصل بینک نے چھٹی SOP یونیفائیڈ میراتھن 2021 کو اسپانسر کیا,"['سائیکلنگ', 'کراچی', 'پاکستان']",2021-02-28T19:30:11+0500
121,2021میں جامعہ کو کاربن نیوٹرل بنایا جائے گا، شیخ الجامعہ این ای ڈی,"['امریکہ', 'پاکستان', 'ڈاکٹر', 'کراچی', 'بجلی']",2021-02-28T19:30:11+0500
122,تعلیمی بورڈ میرپورخاص گزشتہ کئی عرصہ سے طالب علموں اور والدین کو بہترین سہولیات فراہم کر رہا ہے، نواز علی ,"['سندھ', 'احتجاج', 'پاکستان']",2021-02-28T19:30:10+0500
123,ٹنڈوآدم میں بڑھتی ہوئی چوری و ڈکیتی، لوٹ مار، رہزنی، قتل وغارت گری کے خلاف سیاسی، سماجی اور انجمن تاجران کا اہم اجلاس ,"['مری', 'ایم کے', 'موبائل', 'ہوٹل', 'رینجرز', 'سندھ', 'متحدہ قومی موومنٹ', 'مسلم لیگ (ن)', 'ڈاکٹر', 'ڈکیتی', 'جماعت اسلامی', 'منشیات', 'ریکارڈ', 'پولیس', 'آٹا', 'قتل']",2021-02-28T19:30:10+0500
124,سندھ ایکشن کمیٹی کے زیر اہتمام وفاقی حکومت کی جانب سے سندھ کے ساحلی جزیروں پر قبضہ ,"['ہاکی', 'احتجاج', 'سندھ', 'مولانا فضل الرحمن', 'دھرنا', 'پنجاب']",2021-02-28T19:30:09+0500
125,سکھر ڈسٹرکٹ بار کے سالانہ انتخابات,"['عدالت', 'عام انتخابات 2018']",2021-02-28T19:30:09+0500
126,پاک ترک باہمی اشتراک سے کراچی میں مب ریئل اسٹیٹ کے دفتر کا افتتاح ،شوبر ستاروں اور بزنس کمیونٹی کی شرکت ,"['ترکی', 'ریاض', 'پاکستان', 'کراچی', 'شوبز']",2021-02-28T19:30:08+0500
127,ڈاکٹر سید محمد علی زیدی کا نیو کراچی زون کا دورہ ، نیو کراچی میںصفائی ستھرائی کے ناقص انتظامات پر اظہار برہمی ,"['کرونا وائرس', 'بلدیاتی انتخابات', 'ہوٹل', 'کار', 'ڈاکٹر', 'کراچی', 'تعلیم']",2021-02-28T19:30:08+0500
128,روہڑی پولیس کی کاروائی ، آن لائن بکنگ میں جعلسازی کر کے ہاف کو فل اور فل کو ہاف ٹکٹ کے زریعے مسافروں کو فروخت کرنے والے دو کارندے گرفتار,"['متحدہ قومی موومنٹ', 'ریلوے', 'تھانہ', 'الطاف حسین', 'پولیس']",2021-02-28T19:30:08+0500
129,جامعہ بنوریہ عالمیہ ،شعبہ بنات گرلزسیکشن میں تقریب ختم بخاری,['علما'],2021-02-28T19:30:07+0500
130,صحابہ کرام واہلِ بیت کی محبت ایمان کا لازمی جز ہے، شاہ عبد الحق,"['کراچی', 'محرم الحرام', 'پاکستان']",2021-02-28T19:30:07+0500
131,حکومتیں بدل جاتی ہیں لیکن عوام کے حالات نہیں بدلتے، عام آدمی و سفید پوش طبقہ پس کر رہ گیاہے، لیاقت بلوچ ,"['کرپشن', 'پاکستان', 'کھیل', 'الیکشن', 'پیپلز پارٹی', 'ووٹ', 'مہنگائی', 'ایران', 'اسمبلی', 'صوبائی اسمبلی', 'بلدیاتی انتخابات', 'پاکستان تحریک انصاف', 'سندھ', 'امن و امان', 'چین', 'عام انتخابات 2018', 'جماعت اسلامی', 'لیاقت بلوچ', 'غریب']",2021-02-28T19:30:06+0500
132,ہم سندھ میں لوکل گورنمنٹ سسٹم کو برطانیہ کے لوکل گورنمنٹ کے نظام جیسا بنائیں گے، نواب خان وسان ,"['صوبائی اسمبلی', 'بلدیاتی انتخابات', 'یورپی یونین', 'وزیر اعلیٰ', 'سندھ', 'برطانیہ', 'اسمبلی']",2021-02-28T19:30:06+0500
133,بلدیہ عظمی کراچی کے ملازمین بیمار ہوں تو اپنے خرچے پر علاج کروائیں، سینئر ڈائریکٹر میڈیکل سروسز ,"['علاج', 'کراچی']",2021-02-28T19:30:05+0500
134,وزیر اطلاعات سندھ کی کے یو جے (دستور)کے سالانہ انتخابات میں ’’دی ڈیموکریٹس پینل ‘‘کو کلین سوئپ پر مبارکباد,"['سندھ', 'وزیر اطلاعات', 'عام انتخابات 2018']",2021-02-28T19:30:05+0500
135,گورنرسندھ عمران اسماعیل کی دی ڈیمو کریٹک پینل کے منتخب عہدیداروں کو مبارک باد,"['جمہوریت', 'سندھ', 'کراچی', 'عام انتخابات 2018', 'گورنر']",2021-02-28T19:30:04+0500
136,بیرسٹر مرتضی وہاب سے حلقہ پی ایس 111ہزارہ کالونی میں نواز لیگ ،پی ایس پی کے کارکنوں و رہنمائو ں کی ملاقات ،پیپلز پارٹی میں شمولیت اختیار کرلی,"['عارف علوی', 'بلاول بھٹو زرداری', 'پاک سرزمین پارٹی', 'شہید', 'صدر مملکت', 'سندھ', 'مسلم لیگ (ن)', 'پیپلز پارٹی', 'عام انتخابات 2018', 'گورنر', 'وزیراعظم', 'پانی']",2021-02-28T19:30:04+0500
137,سندھ کا نام بیچ کر اپنا امیج بڑھانے والوں نے سندھ کی عوام کو مایوسی کے سوا کچھ نہیں دیا، وفاقی وزیر اسد عمر ,"['کرپشن', 'کار', 'پاکستان تحریک انصاف', 'الیکشن', 'سندھ', 'آصف علی زرداری', 'مسلم لیگ (ن)', 'عام انتخابات 2018', 'اسد عمر', 'گورنر', 'وزیراعظم', 'الیکشن کمیشن']",2021-02-28T19:30:03+0500
138,کشمیری علیحدگی پسندوں کا نیا ہتھیار، ’چپکُو بم‘ بھارتی فورسز کے لیے نیا درد سر,"['گاڑیاں', 'ٹریفک', 'پاکستان', 'مسئلہ کشمیر', 'بھارت', 'فوج', 'افغانستان', 'پولیس', 'دنیا', 'ڈرون']",2021-02-28T19:20:07+0500
139,حافظ آباد پولیس کی جانب سے کریک ڈائون کے دوران سنگین جرائم میں ملوث 41 ملزمان کو گرفتار کرلیاگیا,"['منشیات', 'اسلحہ', 'پولیس', 'تھانہ']",2021-02-28T19:15:08+0500
140,حافظ آباد، بااثر افراد کے کتوں کا محنت کش کی بیٹی پر حملہ ، کتوں کو رکھنے سے منع کرنے پر محنت کش کو بھی تشدد کا نشانہ بنا ڈالا,"['تھانہ', 'پولیس', 'حملہ', 'زخمی']",2021-02-28T19:15:08+0500
141,حافظ آباد، قرض پر سود کی رقم واپس نے کرنے پر بچے کو اغواء کر نے والے تینوں ملزمان گرفتار ، مقدمہ درج ، مغوی بازیاب ,"['پولیس', 'تھانہ']",2021-02-28T19:15:08+0500
142,حافظ آباد ،نوجوان نے فائرنگ کرکے اپنی چچی کو قتل جبکہ کزن کو شدید ذخمی کردیا,"['فائرنگ', 'قتل']",2021-02-28T19:15:07+0500
143,حافظ آباد،مسلح ڈاکوموٹر سائیکل سوار سے اسلحہ کے زور پر ہزاروں روپے لوٹ کرفرار ہوگئے,['اسلحہ'],2021-02-28T19:15:07+0500
144,حافظ آباد،ہنجرانواں والہ اور ملحقہ دیہات کے مکین سوئی گیس کے بلز ہزاروں روپوںمیں آنے کے خلاف سراپا احتجاج,"['احتجاج', 'بجلی', 'مسلم لیگ (ن)', 'سوئی گیس', 'غریب', 'مہنگائی']",2021-02-28T19:15:07+0500
145,قصورپولیس کی سماج دشمن اور جرائم پیشہ عناصر کے خلاف کاروائیاں جاری ,"['اسلحہ', 'تھانہ', 'سوشل میڈیا', 'منشیات', 'پولیس']",2021-02-28T19:15:06+0500
146,لاہور میں کارفری سنڈے، فیملی تفریحی و پروفیشنل سائیکلنگ میگا ایونٹ کا کامیاب انعقاد ,"['ٹریفک', 'لاہور', 'سائیکلنگ', 'پولیس', 'گاڑی']",2021-02-28T19:15:06+0500
147,پنجاب بھرمیں 933 ٹریفک حادثات میں 08افراد جاں بحق 993 زخمی ہوئے ,"['گاڑیاں', 'ٹریفک', 'لاہور', 'زخمی', 'حادثہ', 'پنجاب']",2021-02-28T19:15:06+0500
148,سیالکوٹ، پولیس نے بھاری مقدار میں شراب اور چرس برآمد کر لی,"['منشیات', 'پولیس', 'تھانہ']",2021-02-28T19:15:06+0500
149,نالائق اور نا اہل حکمرانوں کے ظلم کی زنجیریں ٹوٹنا شروع ہوگئی ہیں ‘پرویز ملک ,"['پیٹرول', 'لاہور', 'پاکستان', 'پاکستان تحریک انصاف', 'غریب', 'بجلی']",2021-02-28T19:15:05+0500
150,پریس کلب میں فری آئی اینڈ میڈیکل کیمپ کا انعقاد,"['ڈاکٹر', 'علاج', 'لاہور']",2021-02-28T19:15:05+0500
151,ترسیلی لائنوں اور پاور ہائوس کی سالانہ مرمت کامیابی کے ساتھ مکمل ، نیلم جہلم ہائیڈرو پاور پلانٹ سے بجلی کی پیداوار دوبارہ شروع,"['نقصان', 'واپڈا', 'ڈیم', 'کمپنی', 'بجلی', 'پانی']",2021-02-28T19:15:04+0500
152,بہت جلد ''ن'' لیگ کی قیادت اور بیانیہ ''ش'' لیگ کے ہاتھوں میں آ جائے گا‘ فیاض الحسن چوہان,"['حمزہ شہباز', 'مسلم لیگ (ن)', 'جیل', 'پنجاب']",2021-02-28T19:15:04+0500
153,حمزہ شہباز کی رہائی کسی ڈیل کا حصہ نہیں‘شاہد خاقان عباسی ,"['الیکشن کمیشن', 'بلوچستان', 'دانیال عزیز', 'الیکشن', 'سندھ', 'حمزہ شہباز', 'عام انتخابات 2018', 'شاہد خاقان عباسی', 'احسن اقبال', 'یوسف رضا گیلانی', 'سینیٹ', 'پنجاب']",2021-02-28T19:15:03+0500
154,پی ٹی آئی کا ظہرانہ ، اہم حکومتی اتحادی نے شرکت نہ کی ، سینیٹ الیکشن سے پہلے چہ مگوئیاں شروع ,"['صوبائی اسمبلی', 'پاکستان', 'الیکشن', 'پاکستان تحریک انصاف', 'سندھ', 'متحدہ قومی موومنٹ', 'کراچی', 'پیپلز پارٹی', 'عام انتخابات 2018', 'تعلیم', 'اسمبلی', 'سینیٹ']",2021-02-28T19:06:35+0500
155,پاکستان میں ذات پات,"['لاہور', 'پاکستان', 'بھارت', 'سندھ', 'تعلیم', 'نریندرا مودی', 'شادی', 'پنجاب']",2021-02-28T19:00:11+0500
156,موت کی چار دن پہلے پیش گوئی، وائرلیس ہارٹ ریڈار سسٹم تیار,"['کرونا وائرس', 'جرمنی', 'یورپ', 'علاج', 'کار', 'ٹیکنالوجی', 'پانی']",2021-02-28T19:00:09+0500
157,کیا سازشی نظریات سے پیسہ بھی کمایا جا سکتا ہے؟,"['کرونا وائرس', 'جرمنی', 'انٹرنیٹ', 'امریکہ', 'پاکستان', 'کاروبار', 'حملہ', 'کار', 'ڈالر', 'ڈونلڈ ٹرمپ']",2021-02-28T19:00:07+0500
158,پولیس افسران کی ترقیوں کے نوٹیفیکیشن کے ساتھ متعدد افسران کی خدمات دیگر صوبوں کے سپرد کر دی گئی,"['بلوچستان', 'لاہور', 'سندھ', 'موٹروے', 'پولیس', 'پنجاب']",2021-02-28T18:45:16+0500
159,پاکستان کی برآمدات بڑھ رہی ہیں وزیراعظم پاکستان کا ویڑن کامیاب ہو رہا ہے ،علی نواز اعوان,"['کرونا وائرس', 'بلاول بھٹو زرداری', 'پاکستان', 'پانی', 'مریم نواز شریف', 'قومی اسمبلی', 'بھارت', 'سندھ', 'آصف علی زرداری', 'پاکستان تحریک انصاف', 'سری لنکا', 'سی ڈی اے', 'عام انتخابات 2018', 'وزیراعظم', 'اسمبلی', 'دنیا']",2021-02-28T18:45:15+0500
160,این اے 75کے ضمنی الیکشن میں مخالفین نے عوام کو گمراہ کیااورالیکشن کو متنازعہ بنایا،فردوس عاشق اعوان ,"['کرپشن', 'پاکستان', 'چور', 'عدالت', 'الیکشن', 'مسلم لیگ (ن)', 'حکومت پنجاب', 'زرمبادلہ', 'الیکشن کمیشن', 'کرونا وائرس', 'میرا', 'فوج', 'فردوس عاشق اعوان', 'عثمان بزدار', 'ڈاکٹر', 'عام انتخابات 2018', 'منشیات', 'حج', 'دنیا', 'پنجاب']",2021-02-28T18:45:15+0500
161,حضرت کرمانوالا شریف کا 55واں سالانہ عرس اختتام پزید ہوگیا ,"['پولیس', 'امن و امان', 'ٹریفک']",2021-02-28T18:45:15+0500
162,ایف اے ٹی ایف بلز کو پارلیمنٹ میں بلڈوز کئے گئے، شیری رحمان ,"['تباہی', 'پارلیمنٹ', 'پیپلز پارٹی', 'پاکستان']",2021-02-28T18:45:15+0500
163,پاکستان پراڈکٹس کی ویلیو ایڈیشن اور پراسسنگ سہولیات بہتر بناکر عالمی منڈی میں اپنا مقام بنا سکتا ہے، صدر مملکت ,"['عارف علوی', 'چیمبر آف کامرس', 'قلت', 'امریکہ', 'پاکستان', 'پانی', 'صدر مملکت', 'ڈاکٹر', 'روس', 'دنیا']",2021-02-28T18:45:14+0500
164,ملک بھر میں یکم مارچ تا 30 مارچ ایک قوم ایک منزل (امن ، اخوت ، اعتدال) کے عنوان پر اجتماعات ہوں گے، حافظ طاہر اشرفی ,"['امریکہ', 'پاکستان', 'مقبوضہ کشمیر', 'کار', 'جیل', 'تعلیم', 'سعودی شہری', 'کرونا وائرس', 'قرارداد', 'مسئلہ کشمیر', 'فلسطین', 'فوج', 'اسمبلی', 'کنٹرول لائن', 'لاہور', 'بھارت', 'سعودی عرب', 'وزیراعظم', 'سعودی', 'بنک', 'اقوام متحدہ', 'قومی اسمبلی', 'سری لنکا', 'توہین رسالت', 'شادی', 'دنیا']",2021-02-28T18:45:13+0500
165,حفیظ شیخ سینیٹ کی سیٹ جیتیں گے ، امید ہے ایم کیو ایم بھی ووٹ دیگی،شیخ رشید,"['کرپشن', 'وزیرداخلہ', 'وزارت داخلہ', 'پاکستان', 'ایم کے', 'عدالت', 'مقبوضہ کشمیر', 'حفیظ شیخ', 'ووٹ', 'مسئلہ کشمیر', 'فوج', 'احتجاج', 'بھارت', 'متحدہ قومی موومنٹ', 'آصف علی زرداری', 'چین', 'عام انتخابات 2018', 'وزیراعظم', 'غداری', 'پولیس', 'یوسف رضا گیلانی', 'سینیٹ', 'پانی', 'بیوی', 'حمزہ شہباز', 'دہشت گرد', 'دنیا']",2021-02-28T18:45:12+0500
166,پوری قوم نے جان لیا انتخابی نظام میں شفافیت کے اہم معاملے پر کون تاریخ کے کس رخ پر کھڑا ہی وزیر اطلاعات ,"['کرپشن', 'پاکستان', 'پاکستان تحریک انصاف', 'وزیر اطلاعات', 'ٹوئٹر']",2021-02-28T18:45:12+0500
167,سڑکیں کھلنے پر اہل کراچی نے سکون کا سانس لیاہے، الطاف شکور,"['میٹرو بس', 'لاہور', 'پاکستان', 'پشاور', 'سڑک', 'ٹریفک', 'عدالت', 'کرکٹ', 'توہین عدالت', 'نعمت اللہ خان', 'کار', 'سندھ', 'ریلوے', 'کراچی', 'پیپلز پارٹی', 'ملتان', 'میٹرو', 'پولیس']",2021-02-28T18:45:10+0500
168,دعوت اسلامی کے تحت فیضان ری ہیبلی ٹیشن سینٹر کا قیام ,"['تعلیم', 'دنیا']",2021-02-28T18:45:10+0500
169,ایم ڈی واٹربورڈکی کے یوجے دستور کے انتخابات میں کامیابی پر دی دیموکریٹس پینل کو مبارکباد ,"['کراچی', 'عام انتخابات 2018']",2021-02-28T18:45:09+0500
170,پاکستان میں 32لاکھ سے زائد افراد کسی نہ کسی معذوری کا شکار ہیں، 9 لاکھ سے زائد معذور افراد صوبہ سندھ میں ہیں،لئیق احمد,"['سول سوسائٹی', 'انٹرنیٹ', 'منشیات', 'پاکستان', 'ملازمت', 'سندھ', 'کراچی', 'تعلیم', 'دنیا']",2021-02-28T18:45:08+0500
171,آئندہ سڑکوں کی تعمیر سے متعلق جو اسکیمیں تیار کی جائیں ان میں فٹ پاتھ کی تعمیر، ڈرینج سسٹم کی بہتری اور شجرکاری کو بھی شامل کیا جائے، لئیق احمد,"['ٹریفک', 'نقصان', 'سڑک', 'محمد علی جناح', 'کراچی']",2021-02-28T18:45:08+0500
172,سندھ حکومت سیاحت کے فروغ کیلیے نجی کمپنیوں سے مکمل تعاون کریگی‘ سردار شاہ,"['سندھ', 'کمپنی', 'کراچی', 'تھر']",2021-02-28T18:45:07+0500
173,سینیٹ الیکشن میں ایم کیوایم پیپلز پارٹی کا ساتھ دیگی تو اس کوفائدہ سندھ میں دونشستوں کے حصول میں ہوگا ،پیپلزپارٹی کوفائدہ وفاقی نشست پر ہوگا،سعیدغنی,"['کرونا وائرس', 'گوگل', 'ملازمت', 'پاکستان تحریک انصاف', 'الیکشن', 'سندھ', 'متحدہ قومی موومنٹ', 'پیپلز پارٹی', 'عام انتخابات 2018', 'تعلیم', 'ووٹ', 'سینیٹ']",2021-02-28T18:45:06+0500
174,گزشتہ 24 گھنٹوں میں 7 مریض انتقال کرگئے ،262 نئے کیسز رپورٹ اور384افراد صحتیاب ہوئے ہیں،وزیراعلیٰ سندھ,"['کرونا وائرس', 'علاج', 'سندھ', 'کراچی', 'شہید']",2021-02-28T18:45:04+0500
175,سینیٹ انتخابات، سندھ میں تحریک انصاف شدید مشکلات کا شکار,"['ایم کے', 'پاکستان', 'پاکستان تحریک انصاف', 'سندھ', 'متحدہ قومی موومنٹ', 'وزیر اطلاعات', 'کراچی', 'اسد عمر', 'پیپلز پارٹی', 'عام انتخابات 2018', 'ووٹ', 'اسمبلی', 'یوسف رضا گیلانی', 'سینیٹ']",2021-02-28T18:45:04+0500
176,بائیڈن کا افغانستان,"['امریکہ', 'پاکستان', 'داعش', 'الیکشن', 'ڈالر', 'روس', 'ایران', 'کابل', 'نیٹو', 'وائٹ ہاؤس', 'پینٹاگون', 'مذاکرات', 'طالبان', 'ڈونلڈ ٹرمپ', 'باراک اوباما', 'قطر', 'دہشت گرد', 'بھارت', 'سی پیک', 'چین', 'عام انتخابات 2018', 'القاعدہ', 'افغانستان', 'واشنگٹن', 'دنیا']",2021-02-28T18:40:10+0500
177,سیاسی عدم استحکام کا شکار گرین لائن بس سروس,"['کرونا وائرس', 'گاڑیاں', 'ارسلان', 'پشاور', 'پاکستان', 'بجٹ', 'سڑک', 'ٹریفک', 'پاکستان تحریک انصاف', 'سندھ', 'مسلم لیگ (ن)', 'کراچی', 'اسد عمر', 'پشاور میٹرو', 'عالمی بینک', 'کمپنی', 'میٹرو', 'سوئی گیس']",2021-02-28T18:40:08+0500
178,صوابی،پولیس نے بھاری مقدار میں موٹر کار کے ذریعے چرس سمگل کرنے کی کوشش ناکام بنا کر ایک شخص کو گرفتار کر لیا ,"['فائرنگ', 'زخمی', 'کار', 'تھانہ', 'منشیات', 'پولیس', 'قتل']",2021-02-28T18:35:07+0500
179,خطے میں پائیدار امن کشمیریوں کی امنگوں کے مطابق تنازعہ کشمیر کے حل سے وابستہ ہے،حریت رہنما، تنظیمیں ,"['ترکی', 'امریکہ', 'پاکستان', 'مقبوضہ کشمیر', 'اقوام متحدہ', 'مسئلہ کشمیر', 'بھارت', 'پاکستان فضائیہ', 'فرانس', 'فوج', 'شہید', 'کنٹرول لائن', 'دنیا']",2021-02-28T18:35:07+0500
180,رسالپور پولیس کی کامیاب کارروائی ، خاتون کے قتل میں ملوث ملزمان چند گھنٹے میں گرفتار,"['پولیس', 'فائرنگ', 'قتل']",2021-02-28T18:35:06+0500
181,عوامی نیشنل پارٹی کے زیر اہتمام میلاد پارک بنوں میں اسد خان اچکزئی شہید کی نماز جنازہ ادا کر دی گئی,"['شہید', 'بنوں', 'چارسدہ یونیورسٹی حملہ', 'قتل']",2021-02-28T18:35:06+0500
182,بنوں قومی جرگہ کی شمالی وزیرستان میں شہید خواتین کیلئے پیکج بڑھانے ،بھال بچوں کی کفالت کیلئے حکومت کو دو ہفتوں کی ڈیڈ لائن ،بھر پور مذاحمت کا اعلان ,"['ملازمت', 'بنوں', 'وزیر اعلیٰ', 'قومی اسمبلی', 'دھمکی', 'شہید', 'جرگہ', 'اسمبلی', 'پارلیمنٹ', 'شمالی وزیرستان']",2021-02-28T18:35:06+0500
183,لکی مروت،پولیس کاسماج دشمن عناصر کیخلاف سرچ اینڈ سٹرائیک آپریشن ،40مشتبہ افراد گرفتار ،اسلحہ برآمد,"['اسلحہ', 'ریلوے', 'پولیس']",2021-02-28T18:35:06+0500
184,صوابی،علاقہ تورڈھیر میں نامعلوم افراد نے رکشے ڈرائیور پر فائرنگ کر کے قتل کر دیا,"['لاہور', 'ڈرائیور', 'فائرنگ', 'زخمی', 'کار', 'تھانہ', 'پولیس', 'نامعلوم افراد', 'قتل']",2021-02-28T18:35:06+0500
185,سٹی ٹریفک پولیس کی تجاوزات مافیا کیخلاف کارروائیاں 917 افراد پر جرمانے عائد,"['گاڑیاں', 'پولیس', 'ٹریفک', 'پشاور']",2021-02-28T18:35:05+0500
186,ڈی آئی خان،چار ماہ قبل جنوبی وزیرستان سے اغواء ہونیوالے ایس آرایس پی نامی تنظیم کے دوملازمین کی بازیابی کے سلسلے میں ڈیڈلائن ختم ہونے پردھرنا دیا گیا,"['اسمبلی', 'جنوبی وزیرستان', 'قومی اسمبلی', 'فوج']",2021-02-28T18:35:05+0500
187,ضمنی انتخابات میں پی ڈی ایم کے امیدواروںکی کامیابیوں سے حکومت کے اوسان خطا ہوگئے ہیں،سینیٹر مولانا عطالرحمان ,"['جمہوریت', 'ریاض', 'پاکستان', 'ایم کے', 'مسلم لیگ (ن)', 'مولانا فضل الرحمن', 'علما', 'عام انتخابات 2018', 'پرویز خٹک', 'ووٹ', 'جمعیت']",2021-02-28T18:35:05+0500
188,وزیر اعلی خیبر پختونخوا محمود خان کا صوبائی وزیر تیمور سلیم جھگڑا کی پھوپھی کے انتقال پراظہارافسوس,[],2021-02-28T18:35:04+0500
189,کپیٹل سٹی پولیس پشاور نے منشیات سمگل کرنے کی کوشش ناکام بناتے ہوئے ایک ملزم کو گرفتار کر لیا,"['شیشہ', 'پشاور', 'عابد شیر علی', 'کار', 'تھانہ', 'منشیات', 'پولیس', 'گاڑی']",2021-02-28T18:35:04+0500
190,حیات آباد سرکل میں گاڑیوں پر ڈرِفٹنگ کرنے والے اوباش نوجوان گرفتار,"['پولیس', 'تھانہ']",2021-02-28T18:35:04+0500
191,وزیراعلی خیبرپختونخوا محمودخان کی زیرصدارت ضم اضلاع کے ترقیاتی منصوبوں اور عوامی مسائل کے حل سے متعلق اجلاس ,"['صوبائی اسمبلی', 'بجٹ', 'فاٹا', 'جنوبی وزیرستان', 'خیبرپختونخوا', 'کمپنی', 'اسمبلی', 'بجلی', 'ایف سی', 'شمالی وزیرستان']",2021-02-28T18:35:03+0500
192,پی ایس ایل 6، لاہور قلندرز کا کراچی کنگز کیخلاف ٹاس جیت کربائولنگ کا فیصلہ,"['کوئٹہ', 'پاکستان', 'پی سی بی', 'نیوزی لینڈ', 'ملتان سلطانز', 'پاکستان سپر لیگ', 'پاکستان کرکٹ بورڈ', 'کرکٹ', 'پشاور زلمی', 'اسلام آباد یونائیٹڈ', 'ملتان', 'رمیز راجہ', 'لاہور', 'کراچی', 'کوئٹہ گلیڈی ایٹرز', 'کراچی کنگز', 'پشاور', 'اسلام آباد', 'لاہور قلندرز']",2021-02-28T18:32:51+0500
193,شیخ رشید نے خاموشی توڑ دی، سینیٹ الیکشن سے متعلق بڑا دعویٰ کردیا ,"['نقصان', 'پاکستان', 'عدالت', 'احتجاج', 'الیکشن', 'پاکستان تحریک انصاف', 'حمزہ شہباز', 'درآمد', 'عام انتخابات 2018', 'غداری', 'شہباز شریف', 'حفیظ شیخ', 'اسلام آباد', 'ووٹ', 'سینیٹ', 'پنجاب']",2021-02-28T18:32:29+0500
194,لڑاکا مرغے نے ٹانگ سے بندھے بلیڈ سے اپنے مالک کی جان لے لی,"['جرمنی', 'امریکہ', 'پاکستان', 'عدالت', 'علاج', 'زخمی', 'بھارت', 'پولیس']",2021-02-28T18:20:07+0500
195,سینیٹ الیکشن: پی ڈی ایم نے یوسف رضا گیلانی کی کامیابی کی حکمت عملی طے کرلی ,"['پارلیمنٹ', 'پشاور', 'پاکستان', 'ایم کے', 'راجہ پرویز اشرف', 'الیکشن', 'مسلم لیگ (ن)', 'مولانا فضل الرحمن', 'پیپلز پارٹی', 'لانگ مارچ', 'عام انتخابات 2018', 'جماعت اسلامی', 'شاہد خاقان عباسی', 'اسلام آباد', 'ووٹ', 'اسمبلی', 'یوسف رضا گیلانی', 'سینیٹ']",2021-02-28T18:18:53+0500
196,وزیر آباد ،دو روز قبل لاپتہ ھونے والے کاشتکار کی نعش رسول نگر کے قریب مچھلی فارم سے برآمد,['پولیس'],2021-02-28T18:10:09+0500
197,دیپال پور،عارضی لائٹ لگانے والا الیکڑیشن بجلی کا کرنٹ لگنے سے ہلاک ,"['ہلاک', 'شادی', 'بجلی']",2021-02-28T18:10:09+0500
198,پولیس بدمعاشوں اور قبضہ گروپوں کو نکیل ڈالے ہوئے ہے،شہریوں کی جمع پونجی پر شب خون مارنے نہیں دینگے ‘غلام محمود ڈوگر ,"['پولیس', 'منشا بم', 'لاہور']",2021-02-28T18:10:08+0500
199,سی سی پی او غلام محمود ڈوگر کی پتنگ بازی کی روک تھام کیلئے خصوصی اقدامات کی ہدایت ,"['پولیس', 'لاہور']",2021-02-28T18:10:08+0500
200,فیض احمد فیض ایکسپریس میں دو گروپوں میں تصادم سے ٹرین میں بھگڈر مچ گئی ,"['لاہور', 'موبائل', 'حملہ', 'فائرنگ', 'ریلوے', 'پولیس']",2021-02-28T18:10:08+0500
201,تحصیل ہیڈکوارٹر ہسپتال وزپرآباد کے تمام شعبوں میں فری ہیلتھ سروس ختم کر دی گئی,"['احتجاج', 'حکومت پنجاب', 'بجٹ', 'پنجاب']",2021-02-28T18:10:08+0500
202,ملک بھر میں ایک قوم ایک منزل (امن ، اخوت ، اعتدال)کے عنوان پر اجتماعات ہوں گے ‘مقررین ,"['امریکہ', 'پاکستان', 'مقبوضہ کشمیر', 'کار', 'جیل', 'علما', 'تعلیم', 'سعودی شہری', 'کرونا وائرس', 'قرارداد', 'مسئلہ کشمیر', 'فلسطین', 'فوج', 'اسمبلی', 'کنٹرول لائن', 'لاہور', 'بھارت', 'سعودی عرب', 'وزیراعظم', 'سعودی', 'بنک', 'اقوام متحدہ', 'قومی اسمبلی', 'سری لنکا', 'توہین رسالت', 'شادی', 'دنیا']",2021-02-28T18:10:06+0500
203,مدارس دین اسلام کے قلعے اور علم وعرفان کے مراکزہیں‘ڈاکٹرراغب نعیمی,"['پاکستان', 'ڈاکٹر', 'جلسہ', 'شہید', 'تعلیم']",2021-02-28T18:10:06+0500
204,وزیر ہاؤسنگ میاں محمود الرشید کی گور نر پنجاب کے صاحبزادے انس سرور کوسکاٹش لیبر پارٹی برطانیہ کا سر براہ منتخب ہونے پر مبارکباد ,"['الیکشن', 'عام انتخابات 2018', 'برطانیہ', 'گورنر', 'پنجاب']",2021-02-28T18:10:05+0500
205,اپنے بل بوتے پر سینٹ الیکشن لڑیں گے اسٹبلشمنٹ کے نہیں‘ محمد سرور,"['جمہوریت', 'ایم کے', 'جعلی ڈگری', 'پاکستان', 'قومی اسمبلی', 'الیکشن', 'عام انتخابات 2018', 'فوج', 'ووٹ', 'اسمبلی', 'یوسف رضا گیلانی', 'پاک افواج', 'پنجاب']",2021-02-28T18:10:04+0500
206,دھاندلی کرنا پی ٹی آئی کا وطیرہ بن چکا ہے سینٹ الیکشن چوری نہیں ہونے دینگے ‘رانا تنویر حسین ,"['چور', 'عدالت', 'الیکشن', 'مسلم لیگ (ن)', 'عام انتخابات 2018', 'ووٹ', 'الیکشن کمیشن']",2021-02-28T18:10:04+0500
207,معیشت درست ٹریک پر،پاکستان ترقی کے سفر کیلئے ٹیک آف کرچکا ،کورونا کے باوجودکاروباری سرگرمیاںمیں تیزی‘عثمان بزدار,"['کرونا وائرس', 'کرپشن', 'پاکستان', 'عثمان بزدار', 'پاکستان تحریک انصاف', 'وزیراعلیٰ پنجاب', 'وزیراعظم', 'ووٹ', 'نیا پاکستان', 'پنجاب']",2021-02-28T18:10:03+0500
208,انسانیت کے عظیم خادم عبدالستار ایدھی کا یوم پیدائش منایاگیا,"['پاکستان', 'ریکارڈ', 'بھارت', 'کراچی', 'عبدالستار ایدھی', 'دنیا']",2021-02-28T17:25:11+0500
209,کراچی میں پی ایس ایل 6 کے دوران بڑے پیمانے پر جوا کھیلے جانے کا انکشاف ,"['پاکستان سپر لیگ', 'موبائل', 'کھیل', 'سندھ', 'کراچی', 'اسلام آباد', 'پولیس']",2021-02-28T17:25:11+0500
210,آرٹس کونسل کراچی کی جانب سے کلاسیکل موسیقی پر مبنی میوزیکل پروگرام کا انعقاد,"['پاکستان', 'دہلی', 'ڈاکٹر', 'کراچی', 'موسیقی']",2021-02-28T17:25:10+0500
211,سندھ ریونیو بورڈ کی ٹیکس نادہندگان کیخلاف کارروائیاں,"['سندھ', 'کمپنی', 'ریکارڈ', 'پولیس']",2021-02-28T17:25:10+0500
212,پولیس نے کراچی میں 17 فروری کو معمر جوڑے کو قتل کرنے والے ملزم کو گرفتار کرلیا,"['بیوی', 'نقصان', 'کاروبار', 'موبائل', 'کراچی', 'قاتل', 'پولیس', 'قتل']",2021-02-28T17:25:10+0500
213,شہر قائد میں 3 گھنٹے کے دوران فائرنگ کے 9 واقعات 3بچوں سمیت9افراد زخمی ,"['ریاض', 'فائرنگ', 'زخمی', 'کراچی', 'ڈکیتی', 'پولیس', 'قتل']",2021-02-28T17:25:10+0500
214,داعی اتحاد امت پیر و مرشد محمد اسحاق شاھین گورایا ؒ نقشبندی بھیج پیر جٹا پنجم کا9نواں عرس مبارک (آج )منایا جائیگا,"['بنگلہ دیش', 'ریاض', 'پاکستان', 'سندھ', 'ڈاکٹر', 'کراچی']",2021-02-28T17:25:09+0500
215,پاکستان کو گرے لسٹ میں رکھنے کا فیصلہ جانبدارانہ سیاسی اور مایوس کن ہے،ڈاکٹرمرتضیٰ مغل,"['پاکستان', 'کار', 'ڈاکٹر', 'دنیا', 'ایران']",2021-02-28T17:25:09+0500
216,کراچی،اورنگی ٹائون کے بعض علاقوں میں گذشتہ 3ماہ سے گیس بند ,"['ٹریفک', 'بجٹ', 'سڑک', 'احتجاج', 'ہوٹل', 'ریکارڈ', 'گیس بحران', 'دھمکی', 'سوئی گیس', 'غریب', 'کمپنی', 'گرمی', 'مہنگائی']",2021-02-28T17:25:09+0500
217,پاکستان رینجرزسندھ کی جانب سے اندرون سندھ میں سندھ کے قد یم اور روایتی کھیل ملا کھڑا کے مقا بلوں کا انعقا د کیا گیا,"['سندھ', 'کھیل', 'محرم الحرام', 'پاکستان']",2021-02-28T17:25:08+0500
218,ْیونیورسٹی میں تعلیم حاصل کرنا ہر نوجوان کا خواب اور ایک بڑا چیلنج ہوتا ہے،ڈاکٹر زبیر شیخ,"['انٹرنیٹ', 'گوگل', 'کاروبار', 'موبائل', 'محمد علی جناح', 'ڈاکٹر', 'کراچی', 'سوشل میڈیا', 'تعلیم', 'ٹیکنالوجی', 'دنیا']",2021-02-28T17:25:08+0500
219,عوامی راج کے قیام اور سلیکٹرزکے جانے کا وقت آگیا ہے،حمزہ شہباز ,"['پاکستان', 'مریم نواز شریف', 'کار', 'الیکشن', 'مسلم لیگ (ن)', 'لانگ مارچ', 'ووٹ', 'مہنگائی', 'قرارداد', 'اسمبلی', 'میاں نواز شریف', 'پاکستان تحریک انصاف', 'سونامی', 'عام انتخابات 2018', 'سینیٹ', 'جمہوریت', 'پنجاب اسمبلی', 'حمزہ شہباز', 'شہباز شریف', 'پنجاب']",2021-02-28T17:25:07+0500
220,سینیٹ انتخابات میں تاریخی کامیابی حاصل کریں گے،خرم شیر زمان,"['پاکستان', 'پاکستان تحریک انصاف', 'سندھ', 'کراچی', 'عام انتخابات 2018', 'ووٹ', 'اسمبلی', 'سینیٹ']",2021-02-28T17:25:07+0500
221,حکمران’’مدینے کی ریاست‘‘ کا نام لیکر عوام کو بیوقوف بنارہے ہیں،راشد نسیم,"['منشیات', 'جمہوریت', 'پاکستان', 'کاروبار', 'الیکشن', 'سندھ', 'ڈکیتی', 'عام انتخابات 2018', 'مکہ المکرمہ', 'جماعت اسلامی', 'سینیٹ', 'تباہی', 'پولیس', 'مہنگائی', 'قتل']",2021-02-28T17:25:07+0500
222,ایم کیو ایم نے پی ٹی آئی ظہرانے میں شرکت سے آخری لمحات میں معذرت کرلی,"['ایم کے', 'پاکستان تحریک انصاف', 'سندھ', 'متحدہ قومی موومنٹ', 'پیپلز پارٹی', 'اسد عمر', 'عام انتخابات 2018', 'سینیٹ']",2021-02-28T17:25:06+0500
223,کوویڈ ابھی ختم نہیں ہوا،کیسز کم ہوئے ہیں، ہم 100 فیصد بچوں کو بلانے کی اجازت نہیں دیں گے، سعید غنی,"['سندھ', 'تعلیم']",2021-02-28T17:25:05+0500
224,سرینگر، آکاش کمار سرینگر کے ہسپتال میں زخموں کی تاب نہ لاتے ہوئے چل بسا,"['مقبوضہ کشمیر', 'مسئلہ کشمیر', 'زخمی', 'بھارت', 'رمیش کمار وانکوانی']",2021-02-28T17:05:06+0500
225,فرانس میں سرپرائز ڈے جوش و جذبہ سے منایا گیا، 27 فروری کے حوالے سے تقریب کا اہتمام,"['پاکستان', 'بھارت', 'پاکستان فضائیہ', 'فرانس', 'فوج', 'نریندرا مودی', 'کنٹرول لائن', 'دنیا']",2021-02-28T17:05:06+0500
226,شبیرڈار، احسن اونتو تحریک استقلال کے چیئرمین کی عیادت کے لئے صورہ ہسپتال گئے,"['دہلی', 'مقبوضہ کشمیر', 'مسئلہ کشمیر', 'علاج', 'بھارت']",2021-02-28T17:05:06+0500
227,ْپیپلز لیگ کے وفد کا ضلع اسلام آبادمیں شہیدہونے والے نوجوانوں کے اہلخانہ سے اظہار یکجہتی,"['شہید', 'مسئلہ کشمیر', 'بھارت']",2021-02-28T17:05:06+0500
228,آزاد کشمیرکے الیکشن تک پاکستان میں نااہل حکمران نہیں رہیں گے،نیئر بخاری,"['عید', 'بلاول بھٹو زرداری', 'پاکستان', 'چور', 'مقبوضہ کشمیر', 'مسئلہ کشمیر', 'الیکشن', 'پیپلز پارٹی', 'عام انتخابات 2018', 'غریب', 'ووٹ', 'مہنگائی']",2021-02-28T17:05:05+0500
229,بھارت مقبوضہ جموںوکشمیر میں انسانی حقوق کی خلاف ورزیاں اور نہتے نوجوانوںکا قتل بند کرے، حنیف کالس,"['سول سوسائٹی', 'ایٹمی', 'پاکستان', 'مسئلہ کشمیر', 'بھارت', 'فوج', 'کنٹرول لائن', 'قتل']",2021-02-28T17:05:05+0500
230,صدر آزاد کشمیر نے ممتاز روحانی شخصیت میاں محمد شفیع جھاگوی کی وفات کو خطہ کشمیر کے عوام کیلئے عظیم نقصان قرار دیدیا,"['نقصان', 'پاکستان', 'چیف جسٹس', 'عدالت', 'مسئلہ کشمیر', 'پیپلز پارٹی', 'وزیراعظم', 'اسمبلی']",2021-02-28T17:05:04+0500
231,عمران خان کشمیریوں کے ہر دلعزیز لیڈر بن چکے ہیں ،کشمیری آئندہ الیکشن میں پی ٹی آئی کو بھاری اکثریت سے کامیاب کرینگے،لال چند ,"['پاکستان', 'مسئلہ کشمیر', 'الیکشن', 'بھارت', 'پاکستان فضائیہ', 'ابھیندن', 'عام انتخابات 2018', 'فوج', 'دنیا']",2021-02-28T17:05:04+0500
232,عوام رواں شجر کاری مہم میں بڑھ چڑھ کر حصہ لیں،اشتیاق ارمڑ,"['موسم', 'پشاور', 'پاکستان', 'کار', 'پاکستان تحریک انصاف']",2021-02-28T16:50:19+0500
233,پاکستان تحریک انصاف حکومت عوامی فلاح کی جانب مخلصانہ کوششیں کر رہی ہے،محمد ظہور شاکر,"['پاکستان', 'کار', 'وزیر اعلیٰ', 'پاکستان تحریک انصاف', 'سوئی گیس', 'تعلیم', 'حج', 'بجلی', 'پانی']",2021-02-28T16:50:19+0500
234,کوہاٹ شہر کے مختلف علاقوں کو خطرناک نشہ آئس اور ہیروئن سپلائی کرنیوالا منشیات فروش اور سمگلر دھر لیا گیا,"['ہیروئن', 'ریاض', 'تھانہ', 'شہید', 'منشیات', 'پولیس']",2021-02-28T16:50:19+0500
235,صوابی بوقو جھنڈا وادی کنڈاو اور پابینی علاقوں کے لئے سپیکر قومی اسمبلی اسد قیصر نے سوئی گیس منصوبے کا باقاعدہ افتتاح کردیا,"['تعلیم', 'اسمبلی', 'قومی اسمبلی', 'سوئی گیس']",2021-02-28T16:50:19+0500
236,اسد خان اچکزئی کی شہادت لاپتہ افراد کے لئے آواز اٹھانے والوں کے لئے پیغام ہے، میاں افتخار حسین ,"['چارسدہ یونیورسٹی حملہ', 'پشاور', 'کوئٹہ', 'اے این پی', 'لاپتہ افراد', 'اغوا', 'قتل']",2021-02-28T16:50:18+0500
237,امن ترقی پارٹی کا ’’بدل دو آج ‘ بدل جائیگا کل ‘‘ عوامی رابطہ مہم کا اعلان ,"['بلوچستان', 'جمہوریت', 'ارسلان', 'آزاد کشمیر', 'مسئلہ کشمیر', 'سندھ', 'خیبرپختونخوا', 'عالمی بینک', 'جہاد', 'پنجاب']",2021-02-28T16:50:18+0500
238,سینیٹ انتخابات میں بھی دھند کا خدشہ ہے ‘ ارباب فاروق ,"['نقصان', 'پاکستان', 'عدالت', 'سپریم کورٹ', 'پاکستان تحریک انصاف', 'عام انتخابات 2018', 'ووٹ', 'جمعیت', 'سینیٹ']",2021-02-28T16:50:18+0500
239,قبائلی اضلاع میں بلدیاتی نظام بارے آگاہی کیلئے ریڈیو موثر زریعہ ہے،شکیل احمد میاں ,"['کرونا وائرس', 'جرمنی', 'ریاض', 'پشاور', 'یورپی یونین', 'بلدیاتی انتخابات', 'ہوٹل', 'ڈاکٹر', 'فاٹا']",2021-02-28T16:50:17+0500
240,عوامی نیشنل پارٹی بلوچستان کے ترجمان اسد خان اچکزئی کی غائبانہ نماز جنازہ باچا خان مرکز پشاور میں ادا ,"['چارسدہ یونیورسٹی حملہ', 'بلوچستان', 'پشاور', 'پاکستان', 'اے این پی', 'لاپتہ افراد', 'اغوا']",2021-02-28T16:50:17+0500
241,خیبرپختونخوا میں سینیٹ انتخابات کے تناظر میں جوڑ توڑ کے ماہر وزیر دفاع پرویز خٹک نے ڈیرے ڈال دئیے,"['بلوچستان', 'جماعت اسلامی', 'پاکستان تحریک انصاف', 'الیکشن', 'وزیر دفاع', 'اے این پی', 'مسلم لیگ (ن)', 'پیپلز پارٹی', 'عام انتخابات 2018', 'خیبرپختونخوا', 'پرویز خٹک', 'اسمبلی', 'سینیٹ']",2021-02-28T16:50:16+0500
242,سینیٹ انتخابات میں بھر پور کامیابی حاصل کرینگے ‘ عبد اللہ رومان ,"['پشاور', 'پاکستان', 'پاکستان تحریک انصاف', 'عام انتخابات 2018', 'سینیٹ']",2021-02-28T16:50:16+0500
243,لائبریریوں کے قیام سے علمی شعور و آگاہی ملتی ہے جو قومیں کتابوں سے پیار کرتی ہیں وہ ترقی کے منازل طے کرتی ہیں ، اسسٹنٹ کمشنر بھاگ ,"['ٹکا خان', 'جمعیت', 'پانی']",2021-02-28T16:50:15+0500
244,نیشنل بینک کوہلو کا اے ٹی ایم عوام کیلئے درد سر بن گیا ،چار ماہ سے بند ،صارفین کو شدید مشکلات کاسامنا,"['گرمی', 'بجلی', 'سردیوں', 'لوڈشیڈنگ']",2021-02-28T16:50:14+0500
245,صوبے کے دیگر سرد اضلاع کی طرح (آج) سے کوہلو کے تمام سرکاری اور نجی تعلیمی اداروں میں تعلیمی سرگرمیوں کا آغاز ہوگا ,"['کرونا وائرس', 'بلوچستان', 'نقصان', 'مری', 'تعلیم']",2021-02-28T16:50:14+0500
246,آل پاکستان انٹربورڈتھروبال ٹورنامنٹ 2021 کوئٹہ یکم مارچ2021 سے وویمن ہال ایوب اسٹیڈیم کوئٹہ میں منعقدہو گا ,"['بلوچستان', 'کوئٹہ', 'پاکستان']",2021-02-28T16:50:14+0500
247,پولیس فورس کو جدید سہولیات کی فراہمی کے لیے ہنگامی بنیادوں پر اقدامات کیے جا رہے ہیں ،افتخار احمد ,"['ریاض', 'کار', 'امن و امان', 'منشیات', 'پولیس']",2021-02-28T16:50:14+0500
248,شہید اسدخان اچکزئی کے قتل کیخلاف ہرنائی، شاہرگ، کھوسٹ ، ناکس میں مکمل شٹرڈون ہڑتال ،اے این پی نے یوم سیاہ منایا پارٹی دفتر پرسیاہ پرچم لہرایا ,"['شہید', 'کوئٹہ', 'قتل', 'اے این پی']",2021-02-28T16:50:13+0500
249,چھ ارب سے زائد کی لاگت سے تعمیر ہونے والا کوہلو سبی قومی شاہراہ مناسب دیکھ بھال نہ ہونے اور غیر معیاری تعمیرات کے باعث زبوں حالی کا شکار ,"['بلوچستان', 'میاں نواز شریف', 'کوئٹہ', 'سڑک', 'تعلیم', 'سندھ', 'وزیراعظم', 'پانی', 'پنجاب']",2021-02-28T16:50:13+0500
250,بلوچستان نیشنل پارٹی کے سینیٹ انتخابات سے قبل سیاسی جماعتوں سے رابطے جاری ,"['صوبائی اسمبلی', 'بلوچستان', 'کوئٹہ', 'ایم کے', 'محمود خان اچکزئی', 'عام انتخابات 2018', 'اختر مینگل', 'تعلیم', 'اسمبلی', 'سینیٹ']",2021-02-28T16:50:12+0500
251,پاکستان تحریک انصاف کی ارکان صوبائی اسمبلی کو یکجا کرنے کی کوششیں تیز ،انٹر پارٹی ملاقاتوں کا سلسلہ جاری ,"['صوبائی اسمبلی', 'بلوچستان', 'مری', 'پاکستان', 'پاکستان تحریک انصاف', 'عام انتخابات 2018', 'اسمبلی', 'سینیٹ']",2021-02-28T16:50:12+0500
252,بلوچستان کے حالات بد سے بدتر ہوتے جارہے ہیں ،ایم کیو ایم بلوچستان ,"['بلوچستان', 'مری', 'پاکستان', 'اصغر خان', 'متحدہ قومی موومنٹ', 'شہید', 'قتل']",2021-02-28T16:50:12+0500
253,اسد خان اچکزئی کے اغوا اور قتل کے خلاف صوبے کے مختلف علاقوں میں مکمل ہڑتال کی گئی,"['بلوچستان', 'ٹریفک', 'کوئٹہ', 'اغوا', 'پولیس', 'قتل']",2021-02-28T16:50:12+0500
254,موجودہ صوبائی حکومت عوام کی امید کی کرن ،عوام کی تعاقات سے بڑھ کر عوامی مسائل حل کررہی ہیں ،حاجی نورمحمد خان دمڑ ,"['بلوچستان', 'ایم کے', 'احتجاج', 'عام انتخابات 2018', 'تعلیم', 'جمعیت']",2021-02-28T16:50:11+0500
255,بلوچستان میں کوویڈ کی روک تھام کے لئے اقدامات بار آور ثابت ہوئے ہیں ،ڈاکٹر ربابہ خان بلیدی ,"['ڈاکٹر', 'بلوچستان', 'کرونا وائرس']",2021-02-28T16:50:11+0500
256,اے ایس ایف نے بیرون ملک غیر ملکی کرنسی لیجانے کی کوشش ناکام بنادی,['علامہ اقبال'],2021-02-28T16:50:09+0500
257,انتظامیہ کی سستی نارروال کے علاقہ ثناء اللہ کالونی میں نالیوں کا گندا پانی گھروں اور سرکاری سکول میں داخل ,"['پانی', 'موسم', 'ڈینگی', 'ریلوے']",2021-02-28T16:50:09+0500
258,ڈسٹرکٹ اینڈ سیشن جج نارووال محمد ارشد علی کاڈسٹرکٹ جیل نارووال کا دورہ ,"['جیل', 'موسم', 'کرونا وائرس']",2021-02-28T16:50:09+0500
259,روزگار فراہم کرنے کیلئے ملک بھر میں سیاحتی مقامات کو ترقی دے رہے ہیں، وزیراعظم,"['ترکی', 'یورپ', 'پاکستان', 'سری لنکا', 'وزیراعظم', 'دنیا']",2021-02-28T16:50:08+0500
260,پاکستان کا سب سے بڑا کرپشن مافیا عمران خان کے دائیں بائیں بیٹھا ہے‘عظمی بخاری ,"['کرپشن', 'پیٹرول', 'پاکستان', 'الیکشن', 'عام انتخابات 2018', 'وزیراعظم', 'الیکشن کمیشن', 'مہنگائی', 'پنجاب']",2021-02-28T16:50:08+0500
261,المحراب فائونڈیشن کی جانب سے فری میڈیکل کیمپ کا اہتمام ,"['ڈاکٹر', 'رائے ونڈ', 'علاج', 'پاکستان']",2021-02-28T16:50:08+0500
262,حکومت سے دھاگے کی درآمد کو مکمل طور پر ڈیوٹی فری کرنے اور بھارت سے دھاگہ منگوانے کی اجازت دینے کا مطالبہ,"['قلت', 'بھارت']",2021-02-28T16:50:06+0500
263,مفتی اکرام کے قاتلوں کو فی الفور گرفتار کیا جائے ،جے یو آئی ,['جمعیت'],2021-02-28T16:50:06+0500
264,وفاقی ہسپتالوں میں کورونا ویکسی نیشن نہ کرانے والے ہیلتھ ورکرز کیخلاف کارروائی کا فیصلہ,['کرونا وائرس'],2021-02-28T16:50:06+0500
265,سینٹ کے انتخابات،52 ارکان اس سال اپنی مدت پوری کرنے کے بعد ریٹائر ہوجائیں گے,"['پرویز رشید', 'بلوچستان', 'ایم کے', 'پاکستان', 'سراج الحق', 'پاکستان تحریک انصاف', 'اے این پی', 'متحدہ قومی موومنٹ', 'مسلم لیگ (ن)', 'ڈاکٹر', 'پیپلز پارٹی', 'رحمان ملک', 'جماعت اسلامی', 'سینیٹ']",2021-02-28T16:50:06+0500
266,یوسف رضا گیلانی کا اعجاز الحق سے رابطہ ،باہمی دلچسپی کے امور پر سیر حاصل گفتگو ,"['پاکستان', 'الیکشن', 'عام انتخابات 2018', 'ملتان', 'شہید', 'وزیراعظم', 'یوسف رضا گیلانی']",2021-02-28T16:50:05+0500
267,سینیٹ الیکشن؛ آصف زرداری کا ووٹ کاسٹ کرنے اسلام آباد روانگی کا امکان,"['کرونا وائرس', 'قومی اسمبلی', 'الیکشن', 'آصف علی زرداری', 'عام انتخابات 2018', 'ووٹ', 'اسمبلی', 'سینیٹ']",2021-02-28T16:50:05+0500
268,مولانا فضل الرحمان کامفتی اکرام ،بیٹے اور شاگرد کی بہیمانہ شہادت پر غم و غصہ کا اظہار ،قاتلوں کی فوری گرفتاری کا مطالبہ,"['شہید', 'مولانا فضل الرحمن', 'جمعیت']",2021-02-28T16:50:05+0500
269,اسلام آباد،جے یو آئی اور انتظامیہ کے درمیان مذاکرات کامیاب، دھرنا ختم، مقدمہ درج ,"['مری', 'ٹریفک', 'پاکستان', 'سڑک', 'احتجاج', 'فائرنگ', 'مولانا فضل الرحمن', 'دھرنا', 'مذاکرات', 'قاتل', 'جمعیت', 'قتل']",2021-02-28T16:50:05+0500
270,حمزہ شہباز کی رہائی کسی ڈیل کا نتیجہ نہیں، شاہد خاقان عباسی,"['الیکشن کمیشن', 'کرپشن', 'بلوچستان', 'پاکستان', 'الیکشن', 'حمزہ شہباز', 'مسلم لیگ (ن)', 'سی پیک', 'عام انتخابات 2018', 'ایٹمی', 'شاہد خاقان عباسی', 'وزیراعظم', 'احسن اقبال', 'یوسف رضا گیلانی']",2021-02-28T16:50:04+0500
271,براڈ شیٹ نیب تنازع،لندن میں حکومت پاکستان کے ایک بینک میں موجود اکاؤنٹس پھر منجمد کر دیئے گئے ,"['پاکستان', 'عدالت', 'براڈ شیٹ', 'ڈالر', 'سماعت']",2021-02-28T16:50:04+0500
272,صدارتی ریفرنس پر رائے (آج)سنائے جانے کا امکان,"['پاکستان', 'عدالت', 'الیکشن', 'مسلم لیگ (ن)', 'پیپلز پارٹی', 'قاضی فائز عیسیٰ کیخلاف ریفرنس خارج', 'بلوچستان', 'صدر مملکت', 'چیف الیکشن کمشنر', 'اسمبلی', 'سندھ', 'عام انتخابات 2018', 'سماعت', 'جماعت اسلامی', 'سینیٹ', 'چیف جسٹس', 'سپریم کورٹ', 'قومی اسمبلی', 'جمعیت']",2021-02-28T16:50:03+0500
273,وزیراعظم نے پٹرولیم مصنوعات کی قیمتوں میں اضافہ مسترد کردیا,"['پیٹرول', 'تیل', 'ڈاکٹر', 'ٹوئٹر', 'وزیراعظم']",2021-02-28T16:36:25+0500
274,پٹرولیم مصنوعات کی قیمتوں میں اضافہ کردیا گیا,"['پیٹرول', 'تیل']",2021-02-28T16:25:58+0500
275,آرمینیائی صدر نے وزیراعظم کے آرمی چیف کی برطرفی کے فیصلے کو مسترد کردیا ,"['روس', 'اقوام متحدہ', 'فوج', 'آرمی چیف', 'وزیراعظم']",2021-02-28T16:17:36+0500
276,ایڈمنسٹریٹر و ڈپٹی کمشنر شہریار گل کی ہدایت پر بلدیہ کورنگی کی جانب سے خصوصی اقدامات,"['مسیحی برادری', 'بلدیاتی انتخابات']",2021-02-28T16:10:06+0500
277,شہر قائد میں کرونا وائرس کا وار جاری، ایسے میں کانگووائرس کا مرض سامنے آگیا،شہریوں میں تشویش کی لہر ,"['کرونا وائرس', 'علاج', 'محمد علی جناح', 'ڈاکٹر', 'کراچی']",2021-02-28T16:10:05+0500
278,کراچی: سرما کے اختتام سے قبل ہی پانی کی کمی کی شکایات، واٹر بورڈ کے پاس کوئی پلان نہیں,"['موسم', 'نقصان', 'مردم شماری', 'واپڈا', 'سندھ', 'کراچی', 'ڈیم', 'ریکارڈ', 'پانی']",2021-02-28T16:10:05+0500
279,ملک شاہد حامد شہید باسکٹ بال ٹورنامنٹ کمیٹی کا ایک اہم اجلاس آج ڈی آئی جی سی ٹی ڈی عمر شاہد کی زیر صدارت منعقد ہوگا ,"['شہید', 'کے الیکٹرک', 'کراچی']",2021-02-28T16:10:05+0500
280,وفاقی حکومت اور پیپلز پارٹی کراچی کی دشمن ہیں،11سو ارب کا اعلان کیا گیا لیکن ایک ارب بھی خرچ نہیں کیا گیا،حافظ نعیم الرحمن,"['بلوچستان', 'بلدیاتی انتخابات', 'احتجاج', 'محمد علی جناح', 'الیکشن', 'پاکستان تحریک انصاف', 'بجلی', 'کراچی', 'پیپلز پارٹی', 'عام انتخابات 2018', 'جماعت اسلامی', 'وزیراعظم', 'مہنگائی', 'سینیٹ', 'پانی']",2021-02-28T16:10:04+0500
281,شہرقائد،کراچی میں رات گئے فائرنگ کے سات واقعات، 8 افرادا زخمی,"['فائرنگ', 'اسلحہ', 'پولیس', 'زخمی']",2021-02-28T16:10:04+0500
282,پولیس اہلکار کے قتل میں ملوث انتہائی مطلوب گروہ کے کارندے گرفتار,"['اسلحہ', 'رینجرز', 'کراچی', 'پولیس', 'قتل']",2021-02-28T16:10:04+0500
283,شہرقائد میں ٹریفک جام اور روانی متاثر ہونے کی اہم وجوہات سامنے آگئیں، 101 سڑکیں ٹوٹ پھوٹ کا شکار,"['پولیس', 'کراچی', 'ٹریفک']",2021-02-28T16:10:04+0500
284,پیٹرولیم مصنوعات کی قیمتوں میں اضافے کے متعلق اوگرا سمری پر شازیہ مری کا ردعمل,"['مری', 'پاکستان', 'پاکستان تحریک انصاف', 'بجلی', 'پیپلز پارٹی', 'آئی ایم ایف', 'سوئی گیس', 'غریب', 'وزیراعظم', 'مہنگائی']",2021-02-28T16:10:03+0500
285,اپریل کے اختتام تک کراچی کی طرح سندھ کیلئے ایک بڑے ترقیاتی پیکج کا اعلان کیا جائیگا، اسد عمر,"['پاکستان', 'واپڈا', 'پاکستان تحریک انصاف', 'بجلی', 'سندھ', 'کراچی', 'اسد عمر', 'عام انتخابات 2018', 'کمپنی', 'اسمبلی', 'سینیٹ']",2021-02-28T16:10:02+0500
286,پیپلزپارٹی نے ایم کیو ایم کو سینیٹ نشست اور وزارت دینے کی پیشکش کردی ,"['قومی اسمبلی', 'الیکشن', 'سندھ', 'متحدہ قومی موومنٹ', 'پاکستان تحریک انصاف', 'مسلم لیگ (ن)', 'کراچی', 'پیپلز پارٹی', 'خیبرپختونخوا', 'مذاکرات', 'عام انتخابات 2018', 'تعلیم', 'ووٹ', 'اسمبلی', 'یوسف رضا گیلانی', 'سینیٹ', 'حفیظ شیخ', 'پنجاب']",2021-02-28T16:07:06+0500
287,صوبائی حکومت نے 100 فیصد بچوں کو اسکول بلوانے کی مخالفت کردی ,"['کرونا وائرس', 'بلوچستان', 'سندھ', 'تعلیم', 'پنجاب']",2021-02-28T16:01:01+0500
288,سیکرٹری آرٹی اے کی مسافرگاڑیوں میں کورونا ایس او پیزپر عملدرآمدکی چیکنگ،9گاڑیوں کے چلان,"['کرونا وائرس', 'کرایہ', 'سی این جی']",2021-02-28T16:00:09+0500
289,سرگودھا شہر میں کئی سال سے جاری سستے بازار کو ختم کروا کر پی ایچ اے نے سرکاری جگہ پر اپنے اہلکار تعینات کر دیئے,[],2021-02-28T16:00:09+0500
290,لالہ موسیٰ،زمین کے تنازعہ پر فائرنگ ،باپ قتل ،بیٹا شدید زخمی ,"['فائرنگ', 'ریاض', 'زخمی', 'قتل']",2021-02-28T16:00:09+0500
291,سمندری میں کرکٹ گالا کا پہلا پریکٹس میچ ریسکیو 1122 کی ریسکیو الیون اور سمندری بار کی لائرز الیون کے درمیان کھیلا گیا ,"['کرکٹ', 'وکلا']",2021-02-28T16:00:09+0500
292,سرگودھا شہر میںمضر صحت پانی کی وجہ سے لوگ مختلف بیماریوں کا شکار,"['عثمان بزدار', 'ڈاکٹر', 'سردار سکندر حیات', 'پانی', 'پنجاب']",2021-02-28T16:00:09+0500
293,اسسٹنٹ کمشنرسمندری فیصل سلطان کااراضی ریکارڈ سنٹر کا دور،سائلین کو سروسز کی فراہمی کے عمل کا جائزہ ,"['کرونا وائرس', 'ریکارڈ']",2021-02-28T16:00:08+0500
294,محکمہ ماحولیات کی ٹیموں کی بھٹوں کوزگ زگ ٹیکنالوجی پر منتقل کرنے کے حوالے سے چیکنگ,"['پولیس', 'ٹیکنالوجی', 'پانی']",2021-02-28T16:00:08+0500
295,کاری بقایاجات کی وصولی مہم کو مزید تیز کیا جائے،اسسٹنٹ کمشنر صدر عمر مقبول کی ریونیو افسران کو ہدایت ,[],2021-02-28T16:00:08+0500
296,سر گودھا میانوالی روڈ پر حادثہ ،دو کار ڈرائیور موقع پرجاں بحق ،تین کار سوار شدید زخمی ,"['کار', 'ڈرائیور', 'زخمی', 'جاں بحق']",2021-02-28T16:00:08+0500
297,سرگودھا میں اتوار کے روز چرچز میں عبادت کے پروگرامز کے حوالہ سے فول پروف سیکورٹی انتظامات کئے گئے,"['پولیس', 'ٹیکنالوجی', 'کار']",2021-02-28T16:00:07+0500
298,ڈپٹی کمشنر محمد علی کی زیر صدارت اجلاس،اشیائے ضروریہ کی موجودہ بازاری قیمتوں اور ان کی دستیابی کے نرخوں کے اتارچڑھا کاجائزہ,['پنجاب'],2021-02-28T16:00:07+0500
299,سموگ کے مستقل سدباب کے لئے تعاون ناگزیر ہے،محمد علی ,"['پولیس', 'ٹیکنالوجی', 'کار', 'پنجاب']",2021-02-28T16:00:07+0500
300,پاکستان اصولی طور پر فٹیف کی شرائط پوری کر کے عوام کو مہنگائی کے سمندر میں دھکیل چکا ہے ‘امانت زیب,"['امریکہ', 'لاہور', 'پاکستان', 'بھارت', 'مہنگائی', 'دنیا']",2021-02-28T16:00:06+0500
301,آئی جی پنجاب نے میاں چنوں میں 13 سالہ لڑکی سے مبینہ زیادتی کے واقعہ کا نوٹس لے لیا ,"['پنجاب', 'ملتان']",2021-02-28T16:00:06+0500
302,مکوآنہ‘بیٹے نے سسرالیوں سے مل کر 80سالہ والد پر تشدد کی داستان رقم کر دی,"['بیوی', 'تھانہ']",2021-02-28T16:00:06+0500
303,خوشاب ،اسسٹنٹ کمشنر کالونی اور پٹواریوں کے درمیان کشیدگی پرانجمن پٹواریاں کا(آج)قلم چھوڑ ہرتال کا اعلان ,[],2021-02-28T16:00:06+0500
304,پنجاب انسٹی ٹیوٹ آف قرآن اینڈ سیرت سٹڈیز کو ازسرنوفعال بنایا جارہا ہے‘سعیدا لحسن ,"['پاکستان', 'عثمان بزدار', 'حکومت پنجاب', 'ریکارڈ', 'پنجاب']",2021-02-28T16:00:05+0500
305,محکمہ ریلوے کو کرپشن اور بدعنوانیوں سے پاک منافع بخش ادارہ بنانے کاعزم لے کر آیا ہوں‘اعظم خان سواتی,"['کرپشن', 'پشاور', 'پاکستان', 'فوج', 'کار', 'ریلوے', 'ملتان', 'وزیراعظم']",2021-02-28T16:00:04+0500
306,ڈسکہ انتخابات پر الیکشن کمیشن نے درست فیصلہ کیا، سابق وزیراعظم ,"['الیکشن کمیشن', 'پاکستان', 'پاکستان تحریک انصاف', 'الیکشن', 'حمزہ شہباز', 'مسلم لیگ (ن)', 'سی پیک', 'عام انتخابات 2018', 'ایٹمی', 'شاہد خاقان عباسی', 'وزیراعظم', 'احسن اقبال', 'یوسف رضا گیلانی', 'سینیٹ']",2021-02-28T15:41:29+0500
307,شعیب اختر کا بھارتی ٹک ٹاک سٹار ونیتا کھیلنانی کو اپنا ہم شکل ماننے سے انکار,"['امریکہ', 'پاکستان', 'کرکٹ', 'بھارت', 'سوشل میڈیا']",2021-02-28T15:30:53+0500
308,پولیس کی جدید خطوط پر تربیت وقت کی ضرورت ہے،رانا ریاض,"['پولیس', 'ریاض']",2021-02-28T15:25:06+0500
309,کراچی:شوہر کے قتل کے بعد خاتون کے غائب ہونے کا معمہ حل,"['بیوی', 'طلاق', 'زخمی', 'جاں بحق', 'کراچی', 'اغوا', 'پولیس', 'شادی', 'قتل']",2021-02-28T15:25:06+0500
310,جی ڈی اے کے رکن سندھ اسمبلی معظم عباسی کی والدہ کو لاڑکانہ میں سپردِ خاک کر دیا گیا,"['سندھ', 'اسمبلی', 'کراچی']",2021-02-28T15:25:06+0500
311,تعلیم ودھایو، سندھ بچایو فورم کی گمبٹ سے لاڑکانہ پل تک تعلیمی پیدل واک,"['سندھ', 'تعلیم', 'ڈاکٹر']",2021-02-28T15:25:06+0500
312,صوبائی وزراء اور وزیر اعلی سندھ کے معاون خصوصی کی دی ڈیموکریٹس پینل کی کامیابی پر مبارکباد,"['جمہوریت', 'پاکستان', 'سندھ', 'پیپلز پارٹی', 'کراچی', 'عام انتخابات 2018', 'منشیات']",2021-02-28T15:25:05+0500
313,صوبائی وزیر اطلاعات سید ناصر حسین شاہ کاصارم برنی کی والدہ کے انتقال پرتعزیت,"['سندھ', 'وزیر اطلاعات']",2021-02-28T15:25:05+0500
314,سندھ معدنی ذخائر سے مالا مال مگر اعداد و شمار دستیاب نہیں,['سندھ'],2021-02-28T15:25:05+0500
315,بین المذاہب ہم آہنگی کے فروغ میں بھی صحافی کا اہم کردار ہے، ہری رام کشوری لال,"['پاکستان', 'سندھ', 'ڈاکٹر', 'پیپلز پارٹی', 'کراچی', 'عام انتخابات 2018']",2021-02-28T15:25:04+0500
316,وزیر اطلاعات سندھ کی کے یو جے (دستور) کے سالانہ انتخابات میں ' دی ڈیموکریٹس پینل ' کو کلین سوئپ پر مبارکباد,"['سندھ', 'وزیر اطلاعات', 'عام انتخابات 2018']",2021-02-28T15:25:04+0500
317,وزیراعظم نے تاریخی البیرونی مقام پر ہیریٹیج ٹریل کا افتتاح کر دیا,"['وزیراعظم', 'دنیا', 'قطر']",2021-02-28T15:09:49+0500
318,امریکا اور طالبان کی امن ڈیل کا ایک سال، اب تک حاصل کیا ہوا؟,"['امریکہ', 'قطر', 'نیٹو', 'دھمکی', 'مذاکرات', 'افغانستان', 'طالبان', 'ڈونلڈ ٹرمپ']",2021-02-28T15:00:09+0500
319,میانمار میں مظاہرین کے خلاف کریک ڈاؤن جاری، مزید چار ہلاکتیں,"['یورپی یونین', 'ہلاک', 'الیکشن', 'فوج', 'ٹوئٹر', 'برطانیہ', 'آرمی چیف', 'سوئی گیس', 'نقصان', 'احتجاج', 'فائرنگ', 'برما', 'مسیحی برادری', 'عام انتخابات 2018', 'پولیس', 'جمہوریت', 'زخمی', 'فیس بک', 'کینیڈا', 'دنیا']",2021-02-28T15:00:07+0500
320,عمران عباس اور حبا بخاری ایک ساتھ فلم میں نظر آئیں گے,"['بیوی', 'فلم', 'شادی شدہ', 'کار', 'موسیقی', 'شادی']",2021-02-28T14:45:06+0500
321,بلال عباس خان اب فلموں میں بھی نظر آئیں گے,"['ہیروئن', 'فلم', 'کھیل', 'سوشل میڈیا', 'نامعلوم افراد']",2021-02-28T14:45:06+0500
322,میرا اور پورے چاند کا ایک لازو ال عشق ہے، مہوش حیات ,"['ٹوئٹر', 'میرا', 'فلم']",2021-02-28T14:45:06+0500
323,پرسکون ہوں، دوبارہ شادی کا سوچ بھی نہیں سکتا,"['بالی وڈ', 'فلم', 'عدالت', 'طلاق', 'بھارت', 'شادی']",2021-02-28T14:45:05+0500
324,صنم جنگ کی بہن کی شادی، جوتا چھپائی اور دولہا کی ڈانس ویڈیو وائرل,"['پاکستان', 'کراچی', 'سوشل میڈیا', 'شوبز', 'شادی']",2021-02-28T14:45:05+0500
325,بالی وڈ کے شہنشاہ امیتابھ بچن کی طبیعت ناساز، مداحوں میں تشویش کی لہر دوڑ گئی ,"['سوشل میڈیا', 'بالی وڈ', 'کرونا وائرس']",2021-02-28T14:45:05+0500
326,شہزاد رائے کے بچپن کے دوست کا اچانک انتقال,"['پاکستان', 'دبئی', 'کراچی', 'ٹوئٹر', 'ائیرپورٹ']",2021-02-28T14:45:05+0500
327,نک جانس کی سابقہ گرل فرینڈ کیساتھ وائرل تصویر پر مداحوں میں تشویش کی لہر دو ڑگئی ,"['سوشل میڈیا', 'بالی وڈ', 'امریکہ', 'بھارت']",2021-02-28T14:45:04+0500
328,آپ لوگوں نے مجھے جتنا پیار دیا ہے، میں حاصل کرنے میں بے حد خوشی محسوس کر رہی ہوں، روبینہ دلیک کا بیان ,['بھارت'],2021-02-28T14:45:04+0500
329,اداکار عثمان خالد بٹ نے شادی کی افواہوں کی تردید کر دی,"['شادی', 'فلم']",2021-02-28T14:45:04+0500
330,آنجہانی اداکار عرفان خان کے بیٹے بابِل خان کا پاکستان ٹیلی ویژن سے اپنی محبت کا اظہار,"['میرا', 'ممبئی', 'بالی وڈ', 'پاکستان', 'علاج', 'سوشل میڈیا']",2021-02-28T14:45:03+0500
331,اداکارہ کنگنا رناوت نے والدین اور بھائی اکشت کے گھر کی تعمیر نو کر لی,"['ٹوئٹر', 'ممبئی', 'بالی وڈ']",2021-02-28T14:45:03+0500
332,براڈ شیٹ کیس، لندن میں حکومت پاکستان کے اکاؤنٹس ایک بار پھر منجمد ,"['پاکستان', 'عدالت', 'براڈ شیٹ', 'ڈالر', 'سماعت']",2021-02-28T14:44:09+0500
333,پاکستان کو بھارت سے یقین دہانی نہ ملنے پر ٹی ٹونٹی ورلڈ کپ متحدہ عرب امارات منقل ہوجائیگا: پی سی بی,"['کرونا وائرس', 'پاکستان', 'پاکستان کرکٹ بورڈ', 'کرکٹ', 'پی سی بی', 'بھارت', 'استثنیٰ', 'سری لنکا', 'ٹی ٹونٹی']",2021-02-28T14:43:18+0500
334,خواتین کو خود کفیل بنا کر آزاد کشمیر کے خطے کی ترقی میں اہم کردار ادا کیا جا سکتا ہے‘شگفتہ روشن کیانی,"['صوبائی اسمبلی', 'مسئلہ کشمیر', 'پاکستان تحریک انصاف', 'الیکشن', 'عام انتخابات 2018', 'وزیراعظم', 'اسمبلی']",2021-02-28T14:35:08+0500
335,مکوآنہ‘کمسن گھریلو ملازمہ کی ہلاکت پولیس نے نعش پوسٹ مارٹم کے بعد ورثاء کے حوالے کرکے گھر کے مالک کے خلاف مقدمہ درج کر لیا,"['پولیس', 'تھانہ']",2021-02-28T14:35:07+0500
336,آزادکشمیر کے ممتاز ماہر تعلیم پروفیسر الیاس ایوب تمغہ امتیاز کے لیے نامزد،23مارچ کو یوم پاکستان کی مرکزی تقریب میں یہ اعزاز عطا کیا جائے گا,"['ڈاکٹر', 'تعلیم', 'یوم پاکستان', 'پاکستان']",2021-02-28T14:35:07+0500
337,ہٹیاں بالا ‘شارٹ سرکٹ کے باعث یونین کونسل لانگلہ کے رہائشی رشید عباسی کا دومنزلہ مکان جل کر راکھ ,"['نقصان', 'زخمی', 'بجلی', 'ڈاکٹر']",2021-02-28T14:35:07+0500
338,مکوآنہ ‘ ڈرگ انسپکٹرز کے چھاپے‘ زائد المعیاد اور مضر صحت ادویات فروخت کرنے پر فارمیسی اور لیبارٹری سیل,[],2021-02-28T14:35:06+0500
339,جھنگ روڈ شاداب کالونی میں مہندی کی تقریب میں لڑائی کے دوران چھریاں لگنے سے نوجوان لہولہان ,"['پولیس', 'حملہ', 'زخمی']",2021-02-28T14:35:06+0500
340,مکوآنہ‘ نوجوان نے باپ کی ڈانٹ ڈپٹ سے دلبرداشتہ ہو کر خود کو پٹرول چھڑک کر آگ لگا لی‘ہسپتال داخل,"['تھانہ', 'پیٹرول']",2021-02-28T14:35:06+0500
341,مکوآنہ‘ تھانہ ڈی ٹائپ کالونی کے علاقہ علامہ اقبال کالونی میں حالات کے ستائے نوجوان نے گلے میں پھندا ڈال کر خودکشی کر لی,"['علامہ اقبال', 'پولیس', 'تھانہ']",2021-02-28T14:35:06+0500
342,مکوآنہ‘مختلف حادثات میں 2افراد جان کی بازی ہار گئے ,"['حادثہ', 'زخمی']",2021-02-28T14:35:06+0500
343,مکوآنہ ‘ موبائل فون سننے کا جنون، ٹرین کی زد میں آکر 16 سالہ نوجوان لقمہ اجل بن گیا,"['موبائل', 'سٹیل مل', 'علاج', 'زخمی', 'ریلوے', 'پولیس']",2021-02-28T14:35:06+0500
344,مدارسِ اسلامیہ دینِ اسلام کے قلعے اور شعائرِ اسلام کی درس گاہیں ہیں ‘علامہ محمد عطاء اللہ بندیالوی,"['جمعیت', 'جہاد', 'پاکستان']",2021-02-28T14:35:05+0500
345,سرگودھا ‘پنجاب میں گرانفروشوں کیخلاف کریک ڈاؤن کے دو ماہ میں 906 افراد کوگرفتار کر لیا گیا,"['رمضان المبارک', 'وزیر اعلیٰ', 'چین', 'ٹیکنالوجی', 'مہنگائی', 'پنجاب']",2021-02-28T14:35:05+0500
346,ظالم شوہر نے مبینہ طو رپر محبوبہ کی خواہش پر کینسر کی مرض میں مبتلا بیوی کو تین کمسن بچوں سمیت گھر سے نکال دیا ,"['بیوی', 'اغوا', 'پولیس', 'شادی', 'پنجاب']",2021-02-28T14:35:04+0500
347,پریمئر سپر لیگ کارپوریٹ چیلنج کپ کا ٹائٹل آئی پی سی نے جیت لیا,"['پاکستان سپر لیگ', 'کرکٹ', 'نقصان']",2021-02-28T14:35:04+0500
348,حکومت رمضان المبارک کے دوران اشیائے ضروریہ پر اعانت فراہم کریگی‘ حفیظ شیخ,"['ڈاکٹر', 'رمضان المبارک', 'حفیظ شیخ', 'برآمدات']",2021-02-28T14:35:03+0500
349,پنجاب کو 70ہزار کوروناویکسین کی تیسری کھیپ مل گئی,"['کرونا وائرس', 'پنجاب']",2021-02-28T14:35:03+0500
350,پی ایچ اے کے زیر اہتمام جشن بہاراں میلے کا آغا ز (آج ) سے ہوگا,"['کرونا وائرس', 'لاہور', 'پاکستان']",2021-02-28T14:35:03+0500
351,ترسیلی لائنوں اور پاور ہائوس کی سالانہ مرمت کامیابی کے ساتھ مکمل,"['نقصان', 'واپڈا', 'ڈیم', 'کمپنی', 'بجلی', 'پانی']",2021-02-28T14:35:03+0500
352,پی ایس ایل 6: عبدالرزاق نے سب کے قہقہے لگوادئیے، ویڈیو وائرل ,"['میرا', 'فلم', 'پاکستان سپر لیگ', 'کرکٹ', 'ٹی ٹونٹی', 'رمیز راجہ']",2021-02-28T14:34:58+0500
353,طالبان کاتمام غیر ملکی افواج کے طے شدہ ڈیل کے تحت مستقل انخلا کا مطالبہ ,"['افغانستان', 'طالبان']",2021-02-28T14:25:05+0500
354,کورونا کیخلاف جنگ اختتام سے بہت دور ہے،امریکی صدر جو بائیڈن,"['کرونا وائرس', 'ڈالر', 'امریکہ', 'سینیٹ']",2021-02-28T14:25:05+0500
355,سخت لاک ڈائون کے باوجود جرمنی میں کورونا وائرس اب بھی بے قابو,"['کرونا وائرس', 'جرمنی', 'موسم', 'ہالینڈ', 'چین']",2021-02-28T14:25:05+0500
356,میانمار میں فوجی بغاوت کے خلاف احتجاج کرنے والوں کی گرفتاریاں،دوشہری ہلاک,"['جمہوریت', 'احتجاج', 'ہلاک', 'اقوام متحدہ', 'فائرنگ', 'زخمی', 'برما', 'فوج', 'پولیس', 'اسمبلی', 'سوئی گیس']",2021-02-28T14:25:05+0500
357,ایتھوپیا میں تیگرائے کی صورتحال پر امریکا کو گہری تشویش,"['امریکہ', 'مائیک پومپیو', 'قتل']",2021-02-28T14:25:04+0500
358,افغان طالبان نے مغربی صوبے غور میں ایک مقتول صحافی کے تین اہل خانہ کو بھی قتل کر دیا ,"['حملہ', 'زخمی', 'افغانستان', 'اغوا', 'طالبان', 'قتل']",2021-02-28T14:25:04+0500
359,ایران کے جنوب مشرقی حصے میں انٹرنیٹ سروس بند کردی گئی ,"['انٹرنیٹ', 'ایران', 'بلوچستان', 'پاکستان']",2021-02-28T14:25:04+0500
360,امریکا کی جانب سے آج سعودی عرب سے متعلق اہم اعلان متوقع,"['ترکی', 'امریکہ', 'محمد بن سلمان آل سعود', 'جمال خشوگی', 'سعودی عرب', 'سعودی', 'قتل']",2021-02-28T14:25:04+0500
361,شام میں عسکری خدمت نہ کرنے پر آٹھ ہزار ڈالرجرمانہ عائد کرنے کا حکم,"['ڈالر', 'امریکہ']",2021-02-28T14:25:03+0500
362,جمال خاشقجی کا قتل انسانی حقوق کی پامالی، امریکی صدر نے سعودی عرب کو دھمکی دے دی ,"['ترکی', 'امریکہ', 'محمد بن سلمان آل سعود', 'جمال خشوگی', 'دھمکی', 'سعودی عرب', 'سعودی', 'قتل']",2021-02-28T14:24:14+0500
363,سرگودھا میں منعقدہ ڈسٹرکٹ باکسنگ چیمپیئن شپ کا آغاز 3 تین مارچ کو ہو گا,[],2021-02-28T14:10:07+0500
364,پاکستان پاور لیفٹنگ فیڈریشن نے روواں سال دسمبر میں ایونٹ منعقد کروانے کا اعلان کردیا ہے، راشد ملک ,"['کرونا وائرس', 'نقصان', 'پاکستان', 'کار', 'دنیا']",2021-02-28T14:10:06+0500
365,سوات میں فٹ بال کے کھیل کی ترقی کے لئے اہم اقدامات کئے جائیں گے ,"['کرونا وائرس', 'کھیل', 'دنیا', 'سوات']",2021-02-28T14:10:06+0500
366,قومی ویمن تھروبال چمپئن شپ روواں سال اپریل میں کھیلی جائے گی,"['بلوچستان', 'پاکستان', 'سندھ', 'خیبرپختونخوا', 'پنجاب']",2021-02-28T14:10:06+0500
367,آل پاکستان انٹر بورڈ والی بال چمپئن شپ 8 مارچ سے بنوں میں شروع ہوگی,"['بنوں', 'پاکستان']",2021-02-28T14:10:06+0500
368,پاکستان نیٹ بال فیڈریشن کے زیراہتمام کراچی نیٹ بال کپ 3 مارچ سے شروع ہو گا,"['کراچی', 'پاکستان']",2021-02-28T14:10:06+0500
369,سردار نوید حیدر کی رحیم بخش بلوچ کی والدہ وفات پر اظہار تعزیت ,"['سندھ', 'پنجاب']",2021-02-28T14:10:06+0500
370,کوئٹہ ایک مرتبہ مومینٹم حاصل کر لے پھر اسے ہرانا مشکل ہو جائے گا، ڈوپلیسی,"['پاکستان سپر لیگ', 'پشاور', 'پاکستان', 'کوئٹہ', 'کھیل', 'کرکٹ', 'کار', 'پشاور زلمی', 'کراچی', 'کوئٹہ گلیڈی ایٹرز', 'دنیا']",2021-02-28T14:10:05+0500
371,فارمولا ای نائٹ ریس برطانیہ کے سیم برڈ نے اپنے نام کرلی,"['محمد بن سلمان آل سعود', 'ریاض', 'برطانیہ', 'سعودی عرب', 'سعودی']",2021-02-28T14:10:05+0500
372,پلان پر ٹھیک طرح عمل درآمد نہیں کرپائے، شاداب خان,"['پشاور زلمی', 'پشاور']",2021-02-28T14:10:05+0500
373,پاکستان ٹین پن بائولنگ کپ ٹورنامنٹ23 مارچ سے شروع ہو گا,"['کرونا وائرس', 'محمد علی جناح', 'نقصان', 'پاکستان']",2021-02-28T14:10:05+0500
374,پاکستان کرکٹ بورڈ کے بورڈ آف گورنرز کا 61واں اجلاس، مختلف امورپر غور ،اہم فیصلے ,"['کرونا وائرس', 'بلوچستان', 'پاکستان سپر لیگ', 'پاکستان', 'پاکستان کرکٹ بورڈ', 'کرکٹ', 'افریقہ', 'الیکشن', 'پی سی بی', 'سندھ', 'نیوزی لینڈ', 'کراچی', 'عام انتخابات 2018', 'علی ترین', 'پنجاب']",2021-02-28T14:10:03+0500
375,تھانہ چھانگا مانگا کے علاقہ میں ڈکیتی کی وارداتوں کا سلسلہ تھم نہ سکا,"['اسلحہ', 'فائرنگ', 'ڈکیتی', 'تھانہ', 'پولیس', 'پنجاب']",2021-02-28T14:00:07+0500
376,انٹرنیشنل سول ڈیفنس ڈی( آج) یکم مارچ کو کو منایا جا رہا ہے,"['محمد علی جناح', 'پنجاب', 'یوم دفاع', 'ملتان']",2021-02-28T14:00:07+0500
377,پنجاب میں گرانفروشوں کیخلاف کریک ڈائون جاری،دو ماہ میں 906افرادگرفتار کیا گیا‘ میاں اسلم اقبال,"['رمضان المبارک', 'لاہور', 'چین', 'ٹیکنالوجی', 'مہنگائی', 'پنجاب']",2021-02-28T14:00:06+0500
378,پاک چین تجارتی خسارے کو کم نہ کیا گیا تو یہ مستقبل میں ایک بڑا مسئلہ بن سکتا ہے‘صدرپاک چین جوائنٹ چیمبر ,"['میرا', 'پاکستان', 'ڈالر', 'چین', 'سی پیک', 'زرمبادلہ', 'وزیراعظم', 'برآمدات']",2021-02-28T14:00:05+0500
379,فوڈ اتھارٹی نے معرف برانڈز کی جعلی بوتلیں تیار کرنے والی فیکٹری اکھاڑ دی گئی,"['پنجاب', 'پولیس', 'سوئی گیس']",2021-02-28T14:00:05+0500
380,دریائوں اور آبی ذخیروں میں پانی کی صورتحال,"['کابل', 'محمد علی جناح', 'سندھ', 'ریکارڈ', 'پانی']",2021-02-28T14:00:05+0500
381,کرپشن کیسز کے ملزم کی ضمانت پر رہائی پر جشن کی توقع صرف (ن)لیگ سے ہی کی جا سکتی تھی‘ فیاض الحسن چوہان,"['حمزہ شہباز', 'کرپشن', 'این آر او', 'جیل']",2021-02-28T14:00:04+0500
382,پولیس نے قبضہ مافیا کیخلاف بڑی کارروائی کرتے ہوئے کروڑوں روپے مالیت کی سرکاری زمین واگزار کر الی,"['پولیس', 'لاہور']",2021-02-28T14:00:04+0500
383,وزیر قانون کافیصل آباد میں 11 سالہ گھریلو ملازمہ کی ہلاکت کے واقعہ پر چیئرپرسن چائلڈ پروٹیکشن بیورو سے رابطہ ,"['وزیر قانون', 'پولیس', 'فیصل آباد', 'راجہ بشارت']",2021-02-28T14:00:04+0500
384,مولانا فضل الرحمان نے مفتی اکرام اللہ کا قتل حکومت کی ناکامی قرار دے دیا ,"['فائرنگ', 'مولانا فضل الرحمن', 'دھرنا', 'قاتل', 'گاڑی', 'اسلام آباد', 'قتل']",2021-02-28T13:41:17+0500
385,سری لنکا میں ہونے والا ایشیاء کپ نہیں ہوگا: احسان مانی,"['کرونا وائرس', 'لاہور', 'پاکستان کرکٹ بورڈ', 'کرکٹ', 'افریقہ', 'پی سی بی', 'بھارت', 'آئی سی سی', 'سری لنکا', 'ٹی ٹونٹی']",2021-02-28T13:35:54+0500
386,نا تو ہم نے ووٹ بکنے دیا نا ہی متناسب نمائندگی کی خلاف ورزی ہوئی، شہباز گل,"['عدالت', 'سپریم کورٹ', 'پاکستان تحریک انصاف', 'الیکشن', 'ڈاکٹر', 'عام انتخابات 2018', 'ٹوئٹر', 'ووٹ', 'سینیٹ', 'پنجاب']",2021-02-28T13:30:06+0500
387,پمز کی کورونا ویکسین نہ لگوانے والے ہیلتھ ورکرز کو وارننگ,['کرونا وائرس'],2021-02-28T13:30:06+0500
388,اٹارنی جنرل آف پاکستان خالد جاوید بھی کرونا کی وباء میں مبتلا ,"['کرونا وائرس', 'پاکستان']",2021-02-28T13:30:06+0500
389,سیزفائر کے معاہدے کے بعد بھارت کیساتھ بہ تدریج تجارتی تعلقات کی بحالی کا امکان,"['قلت', 'پاکستان', 'مسئلہ کشمیر', 'بھارت', 'وزیراعظم']",2021-02-28T13:30:05+0500
390,سینیٹ الیکشن میں صرف دو روز باقی رہ گئے ،جوڑ توڑ میں تیزی ا ٓگئی,"['بلاول بھٹو زرداری', 'پاکستان', 'پنجاب اسمبلی', 'الیکشن', 'قومی اسمبلی', 'سندھ', 'آصف علی زرداری', 'متحدہ قومی موومنٹ', 'پیپلز پارٹی', 'عام انتخابات 2018', 'اسمبلی', 'یوسف رضا گیلانی', 'سینیٹ', 'پنجاب']",2021-02-28T13:30:05+0500
391,کرونا ، مزید 23افراد چل بسے ،ایک ہزار 176 نئے کیسز رپورٹ ,"['کرونا وائرس', 'بلوچستان', 'پاکستان', 'جاں بحق', 'سندھ', 'پنجاب']",2021-02-28T13:30:04+0500
392,خیبرپختونخوا ، فرنٹ لائن ورکرز کو کورونا سے بچاؤ کی ویکسی نیشن میں تیزی آنے لگی,"['کرونا وائرس', 'خیبرپختونخوا', 'پشاور', 'سوات']",2021-02-28T13:30:04+0500
393,اسد خان اچکزئی کے اغوا اور قتل کے خلاف صوبے کے مختلف علاقوں میں مکمل ہڑتال,"['بلوچستان', 'ٹریفک', 'کوئٹہ', 'اغوا', 'پولیس', 'قتل']",2021-02-28T13:30:04+0500
394,بیرون ملک برآمد کیا جانیوالا کینو ذائقے کے اعتبار سے بہترین ہے،صدر مملکت ,"['عارف علوی', 'چیمبر آف کامرس', 'کاروبار', 'ملازمت', 'صدر مملکت', 'ڈاکٹر', 'تعلیم', 'ٹیکنالوجی']",2021-02-28T13:30:03+0500
395,ہنزہ ،گلیشیائی جھیل کے کسی بھی وقت پھٹنے کا خدشہ ,"['موسم', 'پانی']",2021-02-28T13:30:03+0500
396,اسلام آباد میں جے یو آئی کے رہنما کا قتل، نامعلوم افراد کیخلاف مقدمہ درج ,"['مری', 'احتجاج', 'فائرنگ', 'مولانا فضل الرحمن', 'دھرنا', 'قاتل', 'گاڑی', 'اسلام آباد', 'نامعلوم افراد', 'قتل']",2021-02-28T13:28:36+0500
397,جرمن ریڈیو اسٹیشن کو ’نسلی امتیاز ‘ کے الزام کا سامنا,"['کرونا وائرس', 'جرمنی', 'کار', 'چین', 'چھٹیاں', 'فوج', 'سوشل میڈیا', 'طوفان']",2021-02-28T13:20:07+0500
398,ڈاکٹر عافیہ صدیقی کی49ویں سالگرہ (کل) مورخہ 2مارچ کو ملک بھر میں جوش و خروش کیساتھ منائی جائیگی,"['ڈاکٹر', 'امریکہ', 'کراچی', 'عافیہ صدیقی']",2021-02-28T13:15:06+0500
399,معروف شاعر ناصر کاظمی کی 49ویں برسی( کل) 2مارچ کو منائی جائیگی,"['تعلیم', 'بھارت', 'لاہور', 'پاکستان']",2021-02-28T13:15:06+0500
400,محفل نعت کا انعقاد19مارچ کوحافظ طاہرسروری کی رہائش گاہ بمقام پنجاب سوسائٹی چونگی امرسدھومیں ہوگی,['پنجاب'],2021-02-28T13:15:06+0500
401,حکومتی اقدامات سے عوام کو ریلیف کی بجائے تکلیف مل رہی ہے‘رانا عاطف رئوف,"['پیٹرول', 'پاکستان', 'احتجاج', 'مسلم لیگ (ن)', 'غریب', 'مہنگائی', 'بجلی', 'سوشل میڈیا']",2021-02-28T13:15:05+0500
402,ضلع بہاولنگر میں گائیکی ، آلات گائیکی، شاعری ، کہانی نویسی اور مصوری کے مقابلہ جات کا انعقاد ,"['ریاض', 'ارسلان', 'عثمان بزدار', 'ڈاکٹر', 'پنجاب']",2021-02-28T13:15:05+0500
403,پاکستان میں سال کی بلند ترین قیمتوں پر تیل فروخت ہورہا ہے جو نااہل حکمرانوں کی عوام دشمنی کا منہ بولتا ثبوت ہے‘آصف منظور موہل,"['صوبائی اسمبلی', 'تیل', 'پاکستان', 'اسمبلی', 'دنیا']",2021-02-28T13:15:05+0500
404,سرگودھا جھنگ روڈ پر تیز رفتار ٹرک کی ٹکر سے موٹر سائیکل سوار 20 سالہ جوانوں جاںبحق,"['ارسلان', 'ڈرائیور', 'زخمی', 'جاں بحق', 'حادثہ', 'پولیس']",2021-02-28T13:15:04+0500
405,سرگودھا‘ٹریفک کے دو مختلف حادثات میں دو کاروں کے ڈرائیور جاںبحق ‘ رکشہ ڈرائیور اوردو خواتین سمیت چھ افراد شدید زخمی ,"['ٹریفک', 'پولیس', 'ڈرائیور', 'زخمی']",2021-02-28T13:15:04+0500
406,پتوکی بھر میں مچھروں کی بھر مار جگہ جگہ گندا پانی جمع تاحال مچھر مار سپرے نہ ہوسکا ,"['پانی', 'ڈینگی', 'پنجاب']",2021-02-28T13:15:04+0500
407,پتوکی شہر بھر میں پتنگ بازی عروج پر پہنچ گئی,"['نقصان', 'تھانہ', 'سوشل میڈیا', 'پولیس', 'پنجاب']",2021-02-28T13:15:04+0500
408,بہاولنگر‘تیز رفتار ٹریکٹر ٹرالی نے باپ اور بیٹے کو کچل ڈالا، باپ موقع پر جاں بحق بیٹا شدید زخمی ,"['پولیس', 'زخمی', 'جاں بحق']",2021-02-28T13:15:04+0500
409,متناسب نمائندہ کی بنیاد پر سینیٹرز بننا آئین کی خلاف ورزی ہے‘میاں محمد اسلم,"['الیکشن کمیشن', 'بجٹ', 'پاکستان', 'بلدیاتی انتخابات', 'عدالت', 'سپریم کورٹ', 'کار', 'الیکشن', 'ڈاکٹر', 'عام انتخابات 2018', 'جماعت اسلامی', 'غریب', 'ووٹ', 'اسمبلی', 'مہنگائی', 'پنجاب']",2021-02-28T13:15:03+0500
410,اقوام متحدہ کی ہائی کمشنر برائے انسانی حقوق کا بیان بھارت کے خلاف فرد جرم ہے‘ الطاف وانی,"['اقوام متحدہ', 'مسئلہ کشمیر', 'بھارت', 'متحدہ قومی موومنٹ', 'الطاف حسین', 'قتل']",2021-02-28T13:05:05+0500
411,مصنف وہدائیتکارباسوچودھری کی فلم’’میرامحافظ‘‘عیدالفطرپرنمائش کے لئے پیش کی جائیگی,"['ہیروئن', 'فلم']",2021-02-28T13:05:05+0500
412,معروف شاعر ایم اے تبسم کی سالگرہ کا کیک4مارچ کوادبی تنظیم کے زیراہتمام کاٹا جائیگا,[],2021-02-28T13:05:05+0500
413,ہدائیتکارمسعودبٹ کی نئی پنجابی فلم ’’گوگا لاہوریا‘‘کی عکسبندی میں اچھی خان اورراحیلہ آغا نے حصہ لیا,"['فلم', 'پاکستان']",2021-02-28T13:05:05+0500
414,پروڈیوسرحاجی اشرف کے اسٹیج ڈرامہ’’معصوم فراڈیئے‘‘میں فنکاروں کی شاندارڈانس پرفارمنس نے دھوم مچادی,['سیّدمہدی شاہ'],2021-02-28T13:05:05+0500
415,جنوبی ایشیا میں پائیدار امن اور ترقی تنازعہ جموں وکشمیر کے حل سے وابستہ ہے‘ صمد انقلابی,"['امریکہ', 'پاکستان', 'مقبوضہ کشمیر', 'اقوام متحدہ', 'مسئلہ کشمیر', 'بھارت', 'مذاکرات', 'کنٹرول لائن', 'حریت پسند']",2021-02-28T13:05:04+0500
416,تنازعہ کشمیر کے حل سے خطے میں امن ، ترقی اور خوشحالی کے نئے دورکا آغاز ہوگا‘ یوسف نقاش,"['پاکستان', 'مقبوضہ کشمیر', 'مسئلہ کشمیر', 'اسلحہ', 'بھارت', 'کنٹرول لائن']",2021-02-28T13:05:04+0500
417,مقبوضہ جموںوکشمیر میں ایک بھی شہری ایسا نہیں جو علاقے کی ریاستی حیثیت کی بحالی نہ چاہتا ہو‘ غلام نبی آزاد,"['امریکہ', 'مسئلہ کشمیر', 'وزیر اعلیٰ', 'بھارت', 'برطانیہ', 'کینیڈا', 'پارلیمنٹ', 'دنیا']",2021-02-28T13:05:03+0500
418,پی ڈی پی کا پاکستان اور بھارت کا جنگ بندی معاہدے پر عملدرآمدکے اعلان کا خیرمقدم ,"['پاکستان', 'مسئلہ کشمیر', 'کار', 'بھارت', 'مذاکرات', 'کنٹرول لائن']",2021-02-28T13:05:03+0500
419,ہنزہ میں بننے والی گلیشیائی جھیل پھٹنے کا خدشہ، الرٹ جاری کردیا گیا,"['موسم', 'بجلی', 'پانی']",2021-02-28T13:02:44+0500
420,ساجد سدپارہ نے والد اور ان کے ساتھیوں کی آخری رسومات کیلئے ان کی تلاش جاری رکھنے کا اعلان کردیا ,"['میرا', 'موسم', 'کوہ پیما', 'فوج', 'فیس بک', 'دنیا', 'ائیرپورٹ']",2021-02-28T12:41:12+0500
421,بوسنیا کی خاتون جنگل میں مہاجرین کی کیسے مدد کر رہی ہے؟,"['جرمنی', 'یورپ', 'یورپی یونین', 'تیل', 'تعلیم', 'پولیس']",2021-02-28T12:40:08+0500
422,کرونا وبا کے باعث فلسطینی علاقوں میں مزید حفاظتی اقدامات کا اعلان,"['کرونا وائرس', 'ٹریفک', 'کھیل', 'فلسطین', 'وزیراعظم', 'شادی']",2021-02-28T12:35:05+0500
423,اسرائیلی عدالت سے دو فلسطینی حقیقی بھائیوں کو انتظامی قید کی سزا,['شادی'],2021-02-28T12:35:05+0500
424,یہودیوں کے مذہبی تہوارکے موقع پر مسجد اقصی پر دھاووں کی اپیل,"['عید', 'اسرائیل', 'فلسطین', 'سوشل میڈیا', 'یہودی']",2021-02-28T12:35:05+0500
425,کویت ایئر پورٹ پر سیکڑوں جدید ترین سیکیورٹی کیمروں کی تنصیب,['کار'],2021-02-28T12:35:04+0500
426,امریکا میں کیپٹل ہل پر دوبارہ حملے کا خدشہ، پولیس چیف کا انتباہ,"['امریکہ', 'حملہ', 'عام انتخابات 2018', 'پولیس', 'ڈونلڈ ٹرمپ']",2021-02-28T12:35:04+0500
427,اسرائیل کا ایران پر خلیج میں اپنے ایک بحری جہاز پر بم حملے کا الزام,"['ٹریفک', 'اسرائیل', 'عمان', 'برطانیہ', 'کمپنی', 'ایران']",2021-02-28T12:35:04+0500
428,مصری سرحد پر فائرنگ سے اسرائیلی فوجی زخمی،اسپتال منتقل کردیاگیا,"['فائرنگ', 'مصر', 'زخمی', 'فوج']",2021-02-28T12:35:04+0500
429,فلسطین میں کرونا سے مزید نواموات،1623نئے کیسز کا اندراج,"['کرونا وائرس', 'غزہ']",2021-02-28T12:35:04+0500
430,کورونا سے دنیا میں25لاکھ 36ہزار سے زائد اموات،11کروڑ 43لاکھ متاثر,"['کرونا وائرس', 'امریکہ', 'ہلاک', 'بھارت', 'فرانس', 'اٹلی', 'برطانیہ', 'روس', 'دنیا']",2021-02-28T12:35:03+0500
431,بھارتی کسانوں کے مظاہرے جاری، راکیش ٹیکیٹ کا پانچ ریاستوں کاہنگامی دورہ,"['دہلی', 'احتجاج', 'بھارت', 'گرمی', 'نریندرا مودی']",2021-02-28T12:35:02+0500
432,فیٹف اجلاس میں بھارت سے زیادہ فرانس کی پاکستان مخالفت، وجہ سامنے آ گئی ,"['بھارت', 'فرانس', 'کار', 'پاکستان']",2021-02-28T12:14:17+0500
433,خاشقجی قتل کیس،عرب اتحاد نے امریکی رپورٹ مسترد کردی,"['متحدہ عرب امارات', 'امریکہ', 'جمال خشوگی', 'سعودی عرب', 'سعودی', 'قتل']",2021-02-28T12:00:07+0500
434,کورونا کی برطانوی قسم سے ہسپتال میں داخلے کا خطرہ بڑھنے کا انکشاف,"['کرونا وائرس', 'علاج', 'امریکہ', 'برطانیہ']",2021-02-28T12:00:07+0500
435,امریکی ری پبلکنز نے سابق صدر ٹرمپ کا سنہری مجسمہ بنا ڈالا,"['فلوریڈا نائٹ کلب فائرنگ', 'ڈونلڈ ٹرمپ']",2021-02-28T12:00:06+0500
436,مارب میں 20 لاکھ سے زیادہ بے گھر افراد ، یمن نے انسانی المیے سے خبردار کر دیا,"['یمن', 'اقوام متحدہ', 'فائرنگ', 'وزیر اطلاعات', 'دہشت گرد', 'ایران']",2021-02-28T12:00:06+0500
437,ایران کا دو نئی جوہری تنصیبات کے قیام کا اعلان,"['ڈالر', 'ایران']",2021-02-28T12:00:06+0500
438,نیا کورونا وائرس ملبوسات میں 3 دن تک زندہ رہ سکتا ہے، تحقیق,"['کرونا وائرس', 'پانی', 'برطانیہ']",2021-02-28T12:00:05+0500
439,امریکا میں کورونا وائرس سے نمٹنے کیلئے 1.9 ٹریلین ڈالر کا پیکج منظور,"['کرونا وائرس', 'امریکہ', 'نیوزی لینڈ', 'ڈالر', 'وزیراعظم', 'کینیڈا', 'سینیٹ']",2021-02-28T12:00:04+0500
440,ٹوئٹر کا متعدد نئے فیچرز متعارف کرانے کا اعلان,"['ٹوئٹر', 'فیس بک', 'کمپنی']",2021-02-28T12:00:04+0500
441,شام میں فضائی حملوں کی اجازت دینے پر جو بائیڈن پر کڑی تنقید,"['امریکہ', 'عراق', 'کار', 'پینٹاگون', 'فوج', 'واشنگٹن', 'ڈونلڈ ٹرمپ', 'قتل', 'ایران']",2021-02-28T12:00:04+0500
442,اقوام متحدہ میں میانمارکے سفیر غداری کے الزام میں برطرف,"['برما', 'غداری', 'اقوام متحدہ', 'فوج']",2021-02-28T12:00:03+0500
443,سعودی عرب کے بعد عرب اتحادیوں نے بھی جمال خاشقجی قتل کیس کی امریکی رپورٹ مسترد کردی ,"['متحدہ عرب امارات', 'ترکی', 'امریکہ', 'محمد بن سلمان آل سعود', 'عدالت', 'جمال خشوگی', 'عمان', 'سعودی عرب', 'سعودی', 'قتل']",2021-02-28T11:53:56+0500
444,رینجرز اور پولیس کی مشترکہ کارروائی، پولیس اہلکار کے قتل میں ملوث ملزمان گرفتار ,"['اسلحہ', 'رینجرز', 'کراچی', 'پولیس', 'قتل']",2021-02-28T11:39:21+0500
445,سرگودھا ‘ ڈکیتی اور موٹر سا ئیکل چوری کی وارداتوں میں ملوث گینگ کے پانچ ارکان گرفتار,"['اسلحہ', 'پولیس', 'ڈکیتی', 'تھانہ']",2021-02-28T11:35:06+0500
446,ْ جڑانوالہ اور گردونواح میں ہیروئن کی کھلے عام فروخت‘ نوجوانوں کی زندگیاں تباہ ہونے لگیں,"['ہیروئن', 'پولیس']",2021-02-28T11:35:06+0500
447,فیصل آباد کے علاقہ یوسف آباد کا گورنمنٹ گرلز سکول حکومتی توجہ کا منتظر,['تعلیم'],2021-02-28T11:35:06+0500
448,فیصل آباد میں نجی سکولز جوائنٹ ایکشن کمیٹی کی میٹنگ،،مبشر اقبال ایک سال کیلئے کنوینئر مقرر,[],2021-02-28T11:35:06+0500
449,سپیریئر کالج فیصل آباد میں سجا رنگا رنگ سپرنگ فیسٹیول، طالبات نے ثقافتی کھانوں کے سٹالز لگائے,[],2021-02-28T11:35:06+0500
450,�) لیگ اورپیپلزپارٹی ایک دوسرے کوتحفظ دے رہے ہیں ‘نوید شر یف,"['چور', 'کرپشن', 'میاں نواز شریف']",2021-02-28T11:35:05+0500
451,پاک ،ایران اور ترکی کے درمیان ٹرین بحالی سے خطے میں تعمیر وترقی کا انقلاب آئے گا‘خواجہ حبیب,"['ترکی', 'لاہور', 'پاکستان', 'ایران', 'ڈالر', 'اسلام آباد', 'برآمدات']",2021-02-28T11:35:05+0500
452,سرگودھا میں مکان کی چھت پر کھیلتے بچوں میں 9 سالہ بچہ گر کر جاںبحق ,"['علامہ اقبال', 'کھیل', 'پولیس', 'جاں بحق']",2021-02-28T11:35:05+0500
453,سرگودھا کے مرحوم ٹیچر کی گراں قدر خدمات کو سراہتے ہوئے سرکاری سکول کو ان سے منسوب کرنے کا اعلان کر دیا گیا,"['ریاض', 'پنجاب']",2021-02-28T11:35:05+0500
454,پنجاب اسمبلی کا اجلاس تین روز کے وقفے کے بعد (آج )دوبارہ شروع ہوگا,"['پنجاب اسمبلی', 'اسمبلی', 'چوہدری پرویز الٰہی', 'پنجاب']",2021-02-28T11:35:04+0500
455,پاک آرمی دنیا کی بہترین فوج ہر چیلنج سے نمٹنے سکتی ہے ‘تر جمان پنجاب حکومت,"['پاکستان', 'کھیل', 'بھارت', 'ڈاکٹر', 'امن و امان', 'فوج', 'نریندرا مودی', 'دنیا', 'پنجاب']",2021-02-28T11:35:04+0500
456,حمزہ شہبا ز کی رہا ئی حق سچ کی فتح اور جھو ٹوں کے منہ پر طمانچہ ہے ‘ سلیم ر ضا,"['حمزہ شہباز', 'مسلم لیگ (ن)', 'لاہور']",2021-02-28T11:35:04+0500
457,بدعنوان معا شرہ دنیا میں کسی صور ت تر قی نہیں کر سکتا ‘را ئوعابد علی واجد,"['کرپشن', 'چین', 'پاکستان']",2021-02-28T11:35:04+0500
458,سنٹرل بزنس ڈسٹرکٹ منصوبے کی کمرشل ویلیو کا تخمینہ 6ہزار ارب روپے ہے ‘ ہمایوں اختر خان,"['کرونا وائرس', 'پاکستان تحریک انصاف', 'پاکستان']",2021-02-28T11:35:03+0500
459,شہباز شریف کاعطا اللہ تارڑ کو جیل سے خصوصی خط ،حمزہ شہباز کی ضمانت اوردیگر قانونی معاملات میں کردار پر خراج تحسین ,"['پاکستان', 'حمزہ شہباز', 'مسلم لیگ (ن)', 'جیل', 'شہباز شریف']",2021-02-28T11:35:03+0500
460,آئرلینڈ میں کورونا لاک ڈاون کے خلاف شہری سڑکوں پر نکل آئے،23گرفتار,"['کرونا وائرس', 'پولیس']",2021-02-28T11:15:05+0500
461,جتنے ڈرون ، میزائل حملے سعودی عرب پر ہوئے کسی ملک پر نہیں ہوئے،المالکی,"['ترکی', 'یمن', 'سعودی عرب', 'دہشت گرد', 'تباہی', 'سعودی', 'دنیا', 'ڈرون']",2021-02-28T11:15:05+0500
462,امریکا، جانسن اینڈ جانسن کی کورونا ویکسین کی اجازت,['کرونا وائرس'],2021-02-28T11:15:05+0500
463,یمنی حوثی جنسی تشدد کو خواتین کے خلاف ہتھیار کے طور پر استعمال کررہے ہیں،برطانیہ,"['قرارداد', 'یمن', 'اقوام متحدہ', 'برطانیہ', 'روس', 'ووٹ', 'پولیس']",2021-02-28T11:15:04+0500
464,خاشقجی کیس سے متعلق امریکی انٹیلی جنس رپورٹ شواہد پرمبنی نہیں،جی سی سی,"['سعودی عرب', 'جمال خشوگی', 'سعودی', 'قتل']",2021-02-28T11:15:04+0500
465,سعودی عرب، مافیا سے سات کروڑ39لاکھ ریال کی ریکوری، ملزمان کو قید و جرمانہ,"['سعودی عرب', 'جرمانہ', 'ریال', 'سعودی']",2021-02-28T11:15:04+0500
466,سعودی عرب نے چوبیس گھنٹوں میں حوثیوں کے سات حملے ناکام بنا دیئے,"['یمن', 'ڈرون', 'سعودی عرب', 'سعودی', 'ایران']",2021-02-28T11:15:04+0500
467,سعودی عرب میں پانچ روزہ فیشن ڈیزائنگ کا تربیتی کیمپ شروع ہوگیا,"['کار', 'درآمد', 'سعودی عرب', 'سعودی', 'دنیا']",2021-02-28T11:15:03+0500
468,لبنان،تنخواہیں نہ ہونے کے سبب گذشتہ ایک سال کے دوران 600نرسیں برطرف,"['ڈاکٹر', 'تعلیم', 'علاج', 'بجٹ']",2021-02-28T11:15:03+0500
469,خاشقجی قتل رپورٹ ثبوت اور معلومات کے بغیر ہے، عالمی ذرائع ابلاغ ,"['امریکہ', 'جمال خشوگی', 'سعودی شہری', 'سعودی', 'قتل']",2021-02-28T11:15:03+0500
470,اے این پی کے رہنما کا اغواء اور قتل، لیویز اہلکار قتل میں ملوث نکلا ,"['بلوچستان', 'کوئٹہ', 'اے این پی', 'ڈکیتی', 'قاتل', 'گاڑی', 'اغوا', 'پولیس', 'قتل']",2021-02-28T11:14:32+0500
471,پیٹرو لیم مصنوعا ت کی قیمتیں کنٹرول نہ ہو ئیں تو پہیہ جام کردینگے ‘ گڈزٹرانسپورٹرز,"['پاکستان تحریک انصاف', 'آئی ایم ایف', 'پاکستان']",2021-02-28T11:05:06+0500
472,ہزار مالیت کے پریمیم پرائز بانڈ کی قرعہ اندازی 10مارچ کو ہو گی,['پرائز بانڈ'],2021-02-28T11:05:06+0500
473,برائلر گوشت کی قیمت میں 11روپے فی کلو اضافہ,[],2021-02-28T11:05:06+0500
474,حکومت کوسالانہ6ارب ٹیکس ادا کرنے والی ہزاروں کمپنیاں دیوالیہ ہونے کے قریب پہنچ گئیں‘ پیففا,"['کرونا وائرس', 'پاکستان', 'کاروبار', 'ایف بی آر', 'تباہی', 'وزیراعظم']",2021-02-28T11:05:05+0500
475,حکومت مارکیٹ سے سرمائے کی قلت ختم کرنے کیلئے خود بھی میدان میں آئے ‘ کارپٹ ایسوسی ایشن ,"['کرونا وائرس', 'قلت', 'ریاض', 'پاکستان', 'کاروبار', 'برآمدات']",2021-02-28T11:05:05+0500
476,ایف آئی آرزکے اندراج کا سلسلہ بند نہ ہوا تو دالوں کی فروخت مکمل بند کر دینگے ‘ کریانہ مرچنٹ ایسوسی ایشن,['احتجاج'],2021-02-28T11:05:05+0500
477,کرپشن پر جیل یاتر اکے بعد جشن منانا لیگیوں کو ہی زیب دیتا ہے ‘ صدیق اکبر,"['کرپشن', 'جمہوریت', 'پاکستان', 'مریم نواز شریف', 'حمزہ شہباز', 'مسلم لیگ (ن)', 'جیل', 'پیپلز پارٹی']",2021-02-28T11:05:04+0500
478,امید ہے پی ڈی ایم کے امیدوار یوسف رضا گیلانی 6ایڈیشنل ووٹوں کے ساتھ سینیٹ انتخابات میں کامیابی حاصل کریں گے‘رانا تنویر حسین,"['میاں نواز شریف', 'نقصان', 'پاکستان', 'ایم کے', 'الیکشن', 'بھارت', 'حمزہ شہباز', 'مسلم لیگ (ن)', 'عام انتخابات 2018', 'شہباز شریف', 'مذاکرات', 'ووٹ', 'الیکشن کمیشن', 'یوسف رضا گیلانی', 'سینیٹ']",2021-02-28T11:05:04+0500
479,ْسابقہ حکومت نے معیشت پر کاسمیٹکس کا لیپ کیا ہوا تھا ،خمیازہ عوام کو بھگتنا پڑا‘حماد اظہر,"['کرونا وائرس', 'پاکستان', 'پاکستان تحریک انصاف', 'مسلم لیگ (ن)', 'عام انتخابات 2018', 'مہنگائی']",2021-02-28T11:05:03+0500
480,پاکستان میں کورونا وبا سے اموات کی شرح میں کمی آنا شروع ہوگئی ,"['کرونا وائرس', 'جاں بحق', 'علاج', 'پاکستان']",2021-02-28T10:43:21+0500
481,مجھے پاوری ٹرینڈ پسند نہیں‘ کومل عزیز خان,['پاکستان'],2021-02-28T10:20:05+0500
482,ایشوریا رائے کی پاکستانی ہم شکل نے بھارت میں دھوم مچادی,"['سوشل میڈیا', 'بھارت', 'شوبز', 'پاکستان']",2021-02-28T10:20:05+0500
483,لیڈی گاگا کے مغوی کتوں کی باحفاظت واپسی,"['امریکہ', 'فلم', 'ڈالر', 'اٹلی', 'سوشل میڈیا', 'اغوا', 'پولیس', 'دنیا']",2021-02-28T10:20:05+0500
484,پائل چوہدری خودکو سپر سٹار اورساتھ کام کرنے والوں کو کم ترسمجھتی ہیں ‘ خوشی ,[],2021-02-28T10:20:04+0500
485,میں کراچی کا نہیں بلکہ پورے پاکستان کا اداکار ہوں‘ شہزاد رضا ,"['میرا', 'لاہور', 'پاکستان', 'کراچی', 'پنجاب']",2021-02-28T10:20:04+0500
486,ایک سال گزرنے کے باوجود بھی الحمر ا ہال نمبر دو کی تزئین و آرائش مکمل نہ ہو سکی ,[],2021-02-28T10:20:04+0500
487,ہما علی نے اداکارہ اقصیٰ علی کو رقص میں مات دیدی ،شائقین کی بھرپور داد,['پنجاب'],2021-02-28T10:20:04+0500
488,گلوکارہ صومیہ خان کے گانے کی لانچنگ تقریب بد نظمی کا شکار ہو گئی,"['احتجاج', 'ریکارڈ']",2021-02-28T10:20:04+0500
489,من کے سچے لوگوں کو دوست بنانا میری کمزوری ہے ‘ ریشم,['عام انتخابات 2018'],2021-02-28T10:20:03+0500
490,سخاوت ناز نے بیک وقت تین اسٹیج ڈراموںمیں پرفارم کر کے منفردریکارڈ قائم کر دیا,"['ریکارڈ', 'لاہور']",2021-02-28T10:20:03+0500
491,جوبائیڈن مشکل میں پھنس گئے،ساری دنیا نے امریکی صدر کو تنقید کا نشانہ بنا ڈالا,"['امریکہ', 'یورپی یونین', 'تیل', 'عراق', 'حملہ', 'کار', 'واشنگٹن', 'ڈونلڈ ٹرمپ', 'قتل', 'برآمدات']",2021-02-28T05:44:14+0500
492,پاکستان میں لاپتا افراد سالہا سال تک واپس نہیں آتے جبکہ مغربی دنیا میں لاپتا کتے بھی چند دن میں بازیاب ہو جاتے ہیں ,"['امریکہ', 'اغوا', 'فلم', 'پاکستان', 'عدالت', 'احتجاج', 'سپریم کورٹ', 'دنیا', 'دھرنا', 'مولانا فضل الرحمن', 'ڈالر', 'اٹلی', 'سوشل میڈیا', 'اسلام آباد', 'پولیس', 'قتل']",2021-02-28T05:36:25+0500
493,کورونا وائرس آپ کے کپڑوں پر تین دن تک زندہ رہتا ہے,"['کرونا وائرس', 'پانی', 'دنیا', 'برطانیہ']",2021-02-28T05:21:38+0500
494,تبدیلی سرکار کی شاہ خرچیاں،سرکاری بابوؤں کو نئی گاڑیاں دینے کا منصوبہ تیار,"['گاڑیاں', 'بجٹ', 'وزیراعظم', 'گاڑی', 'پنجاب']",2021-02-28T05:08:08+0500
495,بے روزگارنوجوانون کے لیے حکومت نے نئی حکمت عملی تیار کر لی,"['بجٹ', 'لاہور', 'پنجاب']",2021-02-28T05:00:25+0500
496,کام سے بچنے کے لیے اپنے اغوا کا ڈراما رچانے والا گرفتار,"['امریکہ', 'ملازمت', 'موبائل', 'عدالت', 'کمپنی', 'کار', 'اغوا', 'پولیس']",2021-02-28T04:50:52+0500
