,headlines,categories
0,ایک ہفتے کے دوران روپے کی بڑی چھلانگ,"['مہنگائی', 'امریکہ', 'پاکستان', 'ڈالر', 'ریکارڈ', 'زرمبادلہ', 'کرونا وائرس']"
1,پارٹی کارکنان و عوام آج صوبے بھر میں شٹر ڈاؤن ہڑتال کو کامیاب بنائیں ،سردار سربلند خان جوگیزئی ,"['بلوچستان', 'پاکستان']"
2,شہید اسد اچکزئی کے بہیمانہ قتل کی شدید الفاظ میں مذمت کرتے ہیں ، بلوچستان نیشنل پارٹی ,"['بلوچستان', 'قتل', 'اے این پی', 'شہید']"
3,ٹیکا کے منصوبے پاکستان اور ترکی کے مابین دوستی کے رشتوں کو مزید مستحکم کریں گے،گوجکان امت,"['غریب', 'سیلاب', 'تعلیم', 'پاکستان', 'ترکی']"
4,کھاریاں ،ڈاکوئوں کی فائرنگ سے ایلیٹ فورس کا جوان ذوالفقار شہید ہو گیا،تین ڈاکو ہلاک,"['تھانہ', 'ڈکیتی', 'پولیس', 'ہلاک', 'فائرنگ', 'شہید']"
5,اسد خان اچکزئی کو چند ماہ قبل اغواء اور اب شہید کردینا لمحہ فکریہ ہے ،حاجی علی مدد جتک,"['پیپلز پارٹی', 'قتل', 'بلوچستان', 'اصغر خان', 'پاکستان', 'اے این پی', 'شہید']"
6,حمزہ شہباز استقبالی جلو س کی وجہ سے تقریبا 4 گھنٹوں میں جیل سے رہائی کے بعد ماڈل ٹائون اپنی رہائش گاہ پہنچے ,"['جیل', 'حمزہ شہباز', 'پنجاب', 'گاڑی', 'اسمبلی', 'مریم نواز شریف', 'پنجاب اسمبلی']"
7,وزیر اطلاعات سندھ کی سربراہی میں پیپلز پارٹی کے چار رکنی وفد کی ایم کیو ایم پاکستان کے مرکز بہادر آباد آمد، سینٹ الیکشن پر بات چیت,"['پیپلز پارٹی', 'بلاول بھٹو زرداری', 'متحدہ قومی موومنٹ', 'پنجاب', 'شرجیل میمن', 'ایف سی', 'آصف علی زرداری', 'کراچی', 'وزیر اطلاعات', 'یوسف رضا گیلانی', 'ایم کے', 'سندھ', 'پاکستان تحریک انصاف', 'پاکستان', 'سینیٹ', 'درآمد', 'عام انتخابات 2018']"
8,صحافت ریاست کا چوتھا اہم ستون ہے، حقیقی جمہوریت آزاد صحافت کے بغیر ممکن نہیں ہے، صوبائی سیکرٹری اطلاعات ,"['سوشل میڈیا', 'ٹیکنالوجی', 'جمہوریت']"
9,حقوق نسواں کے مصنوعی نعرے عورت کے وقار اور خاندان کے وجود کی دھجیاں بکھیرنے کے متراد ف ہیں ،افشاں نوید,"['جماعت اسلامی', 'تعلیم', 'احتجاج', 'ملازمت', 'پاکستان', 'عام انتخابات 2018']"
10,حکمرانوں نے ماضی کی نسبت بہت زیادہ مایوس کیا، سراج الحق ہی نوجوانون کے لیے امید کی آخری کرن ہیں،زبیراحمدگوندل,"['مہنگائی', 'کرپشن', 'جماعت اسلامی', 'تعلیم', 'سراج الحق', 'سندھ', 'تباہی', 'پاکستان', 'جلسہ']"
11,سجاول بدین روڈ پر دیوان شوگرملزکے قریب ڈاٹسن پک اپ ٹائرنکلنے سے الٹ کرکھائی میں جاگری ،بیس افراد زخمی ,"['جاں بحق', 'زخمی', 'علاج', 'کراچی']"
12,سجاول ضلع ہیڈکوارٹر شہرمیں غیراعلانیہ اور اضافی بجلی لوڈ شیڈنگ کی وجہ سے شہری ذہنی ومعاشی پریشانی کا شکار,"['پانی', 'احتجاج', 'کاروبار', 'بجلی']"
13,سجاول میں آوارہ کتوں کی بہتات ، سگ گزیدگی کے واقعات میں اضافہ ,"['تھانہ', 'حملہ', 'نادرا', 'کراچی', 'عدالت']"
14,بی آر ٹی کرپشن کا گڑھ ہے جو آج تک نااہل حکومت مکمل نہیں کر سکی،سینیٹر روبینہ خالد,"['پیپلز پارٹی', 'بلاول بھٹو زرداری', 'کرپشن', 'پاکستان', 'پاکستان تحریک انصاف', 'خیبرپختونخوا', 'عام انتخابات 2018']"
15,بلوچستان میں کو رونا وا ئر س کے 7نئے کیسز رپورٹ ،متاثرہ افراد کی تعداد 19045ہوگئی ,['کوئٹہ']
16,نیب راولپنڈی کی سابق وزیر خزانہ اسحاق ڈار کیخلاف انکوائری بند کرنے کی سفارش ,"['اسحاق ڈار', 'ہوٹل', 'وزیر قانون', 'چیئرمین نیب', 'ڈالر', 'امریکہ', 'چوہدری محمد سرور خان', 'نقصان', 'نجکاری', 'سینیٹ', 'رضا ربانی']"
17,27 فروری 2019 کوپاکستانی فضائیہ کے ہاتھوں شکست کھاکر پاک سرزمین پر گرفتار ہونے والے بھارتی پائلٹ ابھی نندن کا خصوصی بیان,"['بھارت', 'فوج', 'مسئلہ کشمیر', 'زخمی', 'پاکستان فضائیہ', 'ابھیندن', 'پاکستان']"
18,نیب راولپنڈی نے تین اہم وزراء کیخلاف انکوائری کی سفارش کردی ,"['وکلا', 'ہوٹل', 'وزیر قانون', 'چیئرمین نیب', 'ڈالر', 'امریکہ', 'چوہدری محمد سرور خان', 'نقصان', 'عدالت', 'نجکاری', 'سینیٹ', 'رضا ربانی']"
19,پشتونخواملی عوامی پارٹی کی عوامی نیشنل پارٹی کے صوبائی سیکرٹری اطلاعات کی نعش برآمدگی کے افسوسناک واقعہ کی مذمت,"['اے این پی', 'کوئٹہ', 'منشیات', 'جمہوریت']"
20,نیشنل پارٹی کی عوامی نیشنل پارٹی صوبائی اطلاعات سیکرٹری اسد خان اچکزئی کی قتل کی مذمت ,"['بلوچستان', 'امن و امان', 'قتل']"
21,جماعت اسلامی کے امیر سنیٹرسراج الحق 14مار چ کو ڈیرہ اللہ یار میں جلسہ عام سے خطاب کریں گے ,"['مہنگائی', 'سیلاب', 'جماعت اسلامی', 'کراچی', 'بلوچستان', 'سراج الحق', 'تباہی', 'کوئٹہ', 'پاکستان', 'جلسہ', 'شہید']"
22,بی این پی کے سربراہ سر دار اختر جان مینگل کی وزیر تعلیم سر دار یار محمد رند سے تفصیلی ملا قات,[]
23,جمعیت علماء اسلام بلو چستان نے عوامی نیشنل پارٹی کے اعلان کر دہ شٹر ڈائون ہڑ تال کی حما یت کر دی ,"['بلوچستان', 'جمعیت', 'کوئٹہ']"
24,بلوچستان کو ایک مرتبہ پھر بدامنی کی طرف دھکیلاجارہاہے ،نوابزادہ شازین بگٹی‘,"['بلوچستان', 'قتل', 'اے این پی']"
25,برج عزیز خان ڈیم کی تعمیرسے ضلع نوشکی اور چا غی کی لا کھوں ایکٹر اراضی غیر آباد ہو گی ، سر دار عبد الصمد مینگل ,"['افغانستان', 'ڈیم', 'قتل']"
26,حکمران واپوزیشن قوم کو مزید بے وقوف بنانے سے گریز کریں حکمران اور اپوزیشن نے قوم کو تباہ وبرباد کر کے رکھ دیا ہے ،مولانا عبدالحق ہاشمی ,"['مہنگائی', 'غریب', 'کھیل', 'جماعت اسلامی', 'چور', 'بلوچستان', 'تباہی', 'پاکستان', 'سینیٹ', 'الیکشن', 'پانی', 'عام انتخابات 2018']"
27,مرکزی جمعیت اہل حدیث بلوچستان کا اسد خان اچکزئی کے قتل کی شدید مذمت ,"['قتل', 'بلوچستان', 'جمعیت', 'اغوا', 'شہید']"
28,حمز ہ شہباز شریف کی رہا ئی سے پارٹی مزید مضبوط اور مستحکم ہو گی ،سابق اسپیکر جمال شاہ کاکڑ,"['حمزہ شہباز', 'مسلم لیگ (ن)', 'شہباز شریف', 'اسمبلی', 'پاکستان']"
29,نوابزادہ لشکری رئیسانی نے حلقہ پی بی 31 میں انتخابی بے ضابطگیوں سے متعلق دائر آئینی درخواست کی فوری سماعت کیلئے سپریم کورٹ میں درخواست دائر کردی,"['صوبائی اسمبلی', 'سماعت', 'اسمبلی', 'عدالت', 'سپریم کورٹ', 'عام انتخابات 2018']"
30,26مارچ کو اسلام آباد سے بغیر کسی مقصد کے ہر گز واپس نہیں آئینگے اپوزیشن جماعتوں میں کوئی اختلافات نہیں ہے ،مولانا عبد الواسع ,"['میاں نواز شریف', 'مہنگائی', 'ووٹ', 'الیکشن کمیشن', 'قومی اسمبلی', 'فوج', 'جمعیت', 'ایم کے', 'اسمبلی', 'الیکشن', 'کار', 'عام انتخابات 2018']"
31,ژوب پو لیس کی کارروائی ،اشتہاری ملز م گر فتار,['پولیس']
32,صوبہ کے عوام کو معیاری اور صحت افزاء خوراک کی فراہمی حکومت کا وژن ہے ،نور احمد پرکانی ,"['چین', 'ہوٹل', 'پاکستان']"
33,پاک فضائیہ نے بھارت کے دو جنگی طیارے گرا کر مودی کا غرور خاک میں ملا دیا،بشریٰ رند ,"['بھارت', 'نریندرا مودی', 'بلوچستان', 'پاکستان فضائیہ', 'اصغر خان', 'ابھیندن', 'پاکستان']"
34,سیاست کا محور عوام کی فلاح و بہبود اور علاقہ کی تعمیر و ترقی ہے ،میر محمد عارف محمد حسنی ,"['بلوچستان', 'ٹریفک', 'بجلی']"
35,عوامی نیشنل پارٹی کااسدخان اچکزئی کے قتل پر گہرے رنج وغم کااظہار ,"['مولانا فضل الرحمن', 'لاپتہ افراد', 'گاڑی', 'موبائل', 'دھرنا', 'بلوچستان', 'احتجاج', 'کوئٹہ', 'اغوا', 'عدالت', 'اے این پی']"
36,ڈسکہ انتخابات میں دھاندلی اور چوری پر بزدار حکومت کی سینہ زروری قابل مذمت ہے،حافظ حسین احمد,"['مولانا فضل الرحمن', 'بلاول بھٹو زرداری', 'پنجاب', 'الیکشن کمیشن', 'آصف علی زرداری', 'دھرنا', 'جمعیت', 'پاکستان تحریک انصاف', 'کوئٹہ', 'پاکستان', 'الیکشن', 'کار', 'عام انتخابات 2018']"
37,پی ایس ایل 6، پشاور زلمی نے اسلام آباد یونائیٹڈ کو 6 وکٹوں سے شکست دیدی,"['اسلام آباد یونائیٹڈ', 'کھیل', 'ریاض', 'ٹی ٹونٹی', 'کراچی', 'نقصان', 'پاکستان سپر لیگ', 'پشاور زلمی', 'پاکستان', 'پشاور', 'امام الحق', 'اسلام آباد']"
38,بلاول سندھ سنبھالے، پختونخوا کے عوام کی فکر چھوڑدیں ، کامران بنگش,"['پیپلز پارٹی', 'بلاول بھٹو زرداری', 'غریب', 'کرپشن', 'آصف علی زرداری', 'تعلیم', 'اسمبلی', 'سندھ', 'پاکستان تحریک انصاف', 'تھر', 'پاکستان', 'الیکشن', 'عام انتخابات 2018']"
39,خیبر پختونخوا کیلئے توانائی کے شعبہ میں اچھی خبروفاقی حکومت نے خیبرپختونخوا کو بجلی کی ٹرانسمیشن اور گرڈ اسٹیشن کمپنی کے قیام کی منظوری دیدی ,"['کمپنی', 'نیپرا', 'بجلی', 'خیبرپختونخوا']"
40,حلقہ پی کے 6، سوات میں ریکارڈ ترقیاتی منصوبے شروع کروائے ہیں،ڈاکٹر امجد علی,"['ڈاکٹر', 'بجلی', 'سوات', 'ریکارڈ', 'پانی', 'عام انتخابات 2018']"
41,وزیرزادہ کی کیلاش کمیونٹی کی عبادت گاہوں کی تعمیر کیلئے متعلقہ حکام کو ہدایت ,"['اسمبلی', 'وزیراعظم', 'صوبائی اسمبلی']"
42,پشاور میں پی ڈی ایم کے اجلاس میں متفقہ امیدوار سامنے لانے کا فیصلہ ,"['پیپلز پارٹی', 'مسلم لیگ (ن)', 'جماعت اسلامی', 'ایم کے', 'پشاور', 'الیکشن', 'عام انتخابات 2018']"
43,کیپٹل سٹی پولیس پشاور نے منشیات فروشی کا مکروہ دھندہ کرنیوالے ملزمان سمیت ہوائی فائرنگ میں ملوث ملزمان کو گرفتار کر لیا,"['تھانہ', 'کار', 'پولیس', 'منشیات', 'اسلحہ', 'موبائل', 'پشاور', 'فائرنگ']"
44,کیپٹل سٹی پولیس پشاور نے دو مختلف کارروائیوں کے دوران قمار بازی میں مصروف 4 ملزمان کو گرفتار کر لیا ,"['پشاور', 'تھانہ', 'پولیس']"
45,چارسدہ،بارات میں دوستوں کی ہوائی فائرنگ سے شیدا محمد جان کی بازی ہار گیا,"['شادی', 'تھانہ', 'پولیس', 'فائرنگ']"
46,عوامی نیشنل پارٹی کے صوبائی سیکر ٹری اطلا عات اسد خان اچکزئی کی لا ش پانچ ماہ بعد کوئٹہ کے نواحی علا قے سے بر آمد,"['کوئٹہ', 'اصغر خان']"
47,عوامی نیشنل پارٹی کے مرکزی صدر اسفندیار ولی خان کی اسد خان اچکزئی کے قتل کی شدید مذمت,"['قتل', 'بلوچستان', 'اصغر خان', 'عدالت', 'اے این پی']"
48,میونسل کارپوریشن لاڑکانہ کرپشن؛ ڈپٹی کمشنر سمیت 11 ملزمان کو 7،7 سال قید,"['کرپشن', 'سماعت', 'جرمانہ', 'پولیس', 'عدالت']"
49,انسداد دہشتگردی عدالت نے راحیل قریشی، انکے دو بھائیوں اور مومن خان سمیت ایم کیو ایم کے متعدد کارکنوں کو 4 مختلف مقدمات میں عدم ثبوت پر بری کر دیا,"['متحدہ قومی موومنٹ', 'جماعت اسلامی', 'ایم کے', 'پولیس', 'اسلحہ', 'عدالت', 'رینجرز']"
50,دلہن ٹریکٹر ٹرالی سے کود کر تھانے پہنچ گئی,"['شادی', 'شادی شدہ', 'احتجاج', 'عدالت', 'میرا']"
51,کورونا وبا کے باوجود 91 فیصد مسلمانوں نے پچھلے سال رمضان میں روزے رکھے,"['دنیا', 'کرونا وائرس', 'ڈاکٹر', 'ناروے', 'ٹیکنالوجی', 'پاکستان', 'حج', 'کار', 'پانی']"
52,پاک سر زمین پارٹی کل سہراب گوٹھ میں عوامی طاقت کا مظاہرہ کرے گی,"['پاک سرزمین پارٹی', 'کراچی', 'پاکستان', 'سید مصطفی کمال', 'جلسہ']"
53,حضرت علی ؓ کی سیرت تمام عالم انسانیت کیلئے مشعل راہ ہے،سربراہ پاکستان سنی تحریک,"['جہاد', 'پاکستان']"
54,سندھ حکومت میرٹ کا قتل عام بند کرے اور نوجوانوں کو روزگار فراہم کرے، علامہ رضی حسینی,"['قلت', 'مردم شماری', 'قتل', 'کراچی', 'تعلیم', 'سندھ', 'پاکستان']"
55,سستا ترین فضائی سفر، متحدہ عرب امارات جانے والے پاکستانیوں کیلئے بڑی خوشخبری,"['سعودی', 'جدہ', 'کمپنی', 'ریاض', 'شارجہ', 'متحدہ عرب امارات', 'سعودی عرب', 'دبئی', 'پاکستان', 'کرایہ', 'اسلام آباد']"
56,ایس ایس پی آپریشنز اسلام آباد ڈاکٹر سید مصطفی تنویر نے اردلی روم کا انعقاد کیا،40 افسران و جوان اردلی روم میں پیش ہوئے,"['ڈاکٹر', 'پولیس']"
57,چکوال پولیس کے 2 افسران کو انکی ترقی پر باضابطہ بیج لگا دیئے گئے ،ایک سب انسپکٹر محکمہ سے ریٹائرڈ ہوگئے,"['پولیس', 'ملازمت']"
58,چکوال،دو کلو تین سو اسی گرام چرس فروخت کرنے والا منشیات فروش بری ,"['تھانہ', 'سماعت', 'پولیس', 'منشیات', 'عدالت']"
59,سینٹ کا انتخاب ایک گھناء ونا کاروبار بن گیا ہے، ووٹ خریدنے کے لئے بازار لگا ہوا ہے جو ہم سب کے لئے باعث شرم ہے،اسدعمر,"['وزیر اعلیٰ', 'ووٹ', 'متحدہ قومی موومنٹ', 'پنجاب', 'ذوالفقار علی بھٹو', 'کراچی', 'ایم کے', 'اسمبلی', 'سندھ', 'صوبائی اسمبلی', 'سی پیک', 'اسد عمر', 'الیکشن', 'کرونا وائرس', 'کاروبار', 'عام انتخابات 2018']"
60,سندھ کے عوام آپ کے دھوکے میں نہیں آئینگے، سینیٹ انتخاب میں شکست آپ کی منتظر ہے،امتیاز شیخ,"['سوئی گیس', 'ایف سی', 'وزیراعظم', 'کراچی', 'سندھ', 'سینیٹ', 'اسد عمر']"
61,سینیٹ الیکشن میں مداخلت ، پیپلزپارٹی کا گورنر سندھ کے خلاف الیکشن کمیشن سے کارروائی کا مطالبہ,"['پیپلز پارٹی', 'الیکشن کمیشن', 'گورنر', 'سندھ', 'پاکستان تحریک انصاف', 'پاکستان', 'سینیٹ', 'الیکشن', 'عام انتخابات 2018']"
62,حقوق کراچی تحریک ، جماعت اسلامی کے تحت آج احتجاجی مظاہرہ ہو گا ،حافظ نعیم الرحمن مظاہرے سے خطاب کریں گے ,"['محمد علی جناح', 'مہنگائی', 'مردم شماری', 'جماعت اسلامی', 'کراچی', 'بلدیاتی انتخابات', 'عام انتخابات 2018']"
63,جماعت اسلامی کراچی کا اجتماع ارکان کل ادارہ نورحق میں ہو گا ,"['جماعت اسلامی', 'کراچی']"
64,ڈاکٹر خالد مقبو ل صدیقی کا لیبر ڈویژن ایم کیو ایم پاکستان کی34ویں یوم تا سیس کے مو قع پر کا رکنان کو مبا رکبا د,"['ایم کے', 'ڈاکٹر', 'متحدہ قومی موومنٹ', 'پاکستان']"
65,فوجی حکومت کیخلاف کارروائی کا مطالبہ، میانمار پر قابض فوج نے اپنے سفیر کو برطرف کر دیا,"['دنیا', 'برما', 'اقوام متحدہ', 'فوج', 'احتجاج']"
66,راولپنڈی پولیس کاپتنگ بازوں ،ہوائی فائرنگ کرنیوالوں کیخلاف بسنت کے موقعہ پر موثر کریک ڈاؤن ،450 کے قریب ملزمان گرفتار,"['تھانہ', 'بسنت', 'ائیرپورٹ', 'پولیس', 'اسلحہ', 'ڈرون', 'فائرنگ']"
67,راولپنڈی پولیس کی منشیات فروشوں کیخلاف کارروائی،03منشیات فروش گرفتار، 04کلو سے زائد چرس برآمد,"['پولیس', 'مری', 'منشیات']"
68,راولپنڈی پولیس کے انسپکٹر محمد رفیع خالق حقیقی سے جا ملے,"['علاج', 'پولیس']"
69,راولپنڈی ،تھانہ گوجر خان پولیس کی اہم کا رروائی ،13سال بچے سے زیادتی کرنے والا درندہ صفت ملزم گرفتار,"['تھانہ', 'پولیس']"
70,راولپنڈی،معزز عدالت نے منشیات کے مقدمہ میں نامزد ملزم کو04سال 06ماہ قید اور20ہزار روپے جرمانے کی سزا سنادی,"['تھانہ', 'پولیس', 'منشیات', 'عدالت']"
71,راولپنڈی پولیس کی ناجائز اسلحہ کیخلاف کارروائی،05ملزمان گرفتار، اسلحہ و ایمونیشن برآمد,"['اسلحہ', 'پولیس', 'فائرنگ', 'مری']"
72,راولپنڈی پولیس کی جرائم پیشہ عناصر کیخلاف کارروائی ،06 ملزمان گرفتار ،چرس اور شراب بر آمد,"['تھانہ', 'پولیس']"
73,ضلعی انتظامیہ راولپنڈی نے (کل)تحصیل آفس راجہ بازار لگائی جانیوالی ریونیو عوامی خدمت کھلی کچہری کے تمام تر انتظامات مکمل کر لیے ,"['وزیر اعلیٰ', 'عثمان بزدار', 'پنجاب', 'ریکارڈ', 'کار']"
74,اسلام آباد پولیس اور عوام کے مابین رابطہ مہم کا آغازکردیاگیا,"['ڈاکٹر', 'سول سوسائٹی', 'علما', 'پولیس']"
75,پنجاب ٹیلنٹ پروگرام کے تحت جہلم میں مقابلے،پوزیشن حاصل کرنے والوں میں انعامات تقسیم,"['دنیا', 'پنجاب', 'عثمان بزدار', 'موسیقی', 'پاکستان تحریک انصاف', 'پاکستان']"
76,یوسف رضا گیلانی جیت گئے تو حکومت کا باقی رہنا مشکل ہوگا، رانا ثناءاللہ کا دعویٰ ,"['حمزہ شہباز', 'مذاکرات', 'مسلم لیگ (ن)', 'چور', 'سینیٹ', 'ووٹ', 'بلوچستان', 'خیبرپختونخوا', 'وفاقی بجٹ2020-21ء', 'الیکشن', 'لاہور ہائیکورٹ', 'لاہور', 'پنجاب', 'پاکستان تحریک انصاف', 'پاکستان', 'عام انتخابات 2018', 'اسمبلی', 'رانا ثناء اللہ', 'بجٹ', 'عدالت', 'یوسف رضا گیلانی']"
77,میں گورنر ہوں یہ سندھ ہے اور یہاں پیپلز پاوری ہورہی ہے، عمران اسماعیل ,"['گورنر', 'اسد عمر', 'سندھ']"
78,جارح مزاج بیٹسمین یوسف پٹھان نے کرکٹ کو خیر باد کہہ دیا,"['کرکٹ', 'بھارت', 'پاکستان']"
79,تلونڈی بھنڈراں،کبوتررکھنے کا شوق دو افراد کی جان لے گیا,"['لاہور', 'ڈاکٹر', 'بجلی', 'جاں بحق', 'زخمی', 'احتجاج']"
80,شمیمہ بیگم کوبرطانیہ آکرشہریت کی منسوخی کا مقدمہ لڑنے اجازت نہیں ملنی چاہیے،,"['برطانیہ', 'داعش', 'نقصان', 'سپریم کورٹ', 'عدالت', 'ہیکر', 'دہشت گرد']"
81,لڑائی کیلئے تیار کیے گئے مرغے نے مالک کو ہی ہلاک کردیا,"['ہلاک', 'بھارت', 'پولیس']"
82,جبری مشقت اور چائلڈ لیبر کا خاتمہ ہر صورت یقینی بنانا ہماری اولین ترجیح ہے،ڈپٹی کمشنر راولپنڈی,['تعلیم']
83,مریضوں کے علاج و معالجے کیلئے حکومت پنجاب تمام تر وسائل بروئے کار لا رہی ہے،عبداللہ محمود ,"['مری', 'پنجاب', 'علاج', 'ڈاکٹر', 'حکومت پنجاب', 'کار']"
84,راولپنڈی پولیس کی موثر پولیسنگ کے باعث قتل،اقدام قتل اورضرر کے مقدمہ میں نامزد ملزم کو جرم ثابت ہونے پر سزائیں,"['تھانہ', 'قتل', 'جرمانہ', 'زخمی', 'پولیس', 'عدالت']"
85,اسلام آباد پولیس کی ویلفئیر کے لئے کوشاں ہیں،آئی جی اسلام آباد,"['زخمی', 'تھانہ', 'پولیس']"
86,راولپنڈی، تھانہ چونترہ کے علاقہ بلیو ورلڈ سٹی میں زمین کے تنازعہ پر فائرنگ ،ایک شخص جاںبحق,"['تھانہ', 'جاں بحق', 'پولیس', 'عدالت', 'فائرنگ']"
87,وفاقی دارالحکومت سے پٹواری سسٹم ختم کرنے کا اعلان,"['قلت', 'غریب', 'قرضہ', 'سی ڈی اے', 'وزیراعظم', 'سندھ', 'پاکستان', 'نیا پاکستان', 'ریکارڈ', 'اسلام آباد']"
88,پاک ،قطر ایل این جی معاہدے کا پرتپاک خیرمقدم کرتے ہیں، زبیر موتی والا,"['قلت', 'سوئی گیس', 'کراچی', 'چیمبر آف کامرس', 'نقصان', 'قطر', 'پاکستان']"
89,یوٹیلیٹی سٹورز کارپوریشن نے 40 ہزار ٹن چینی کا ایک اور ٹینڈر جاری کردیا,['وزیراعظم']
90,کووڈ19- کے باوجودسال 2020ء میں ایل این جی کی طلب مستحکم رہی,"['بھارت', 'دنیا', 'سوئی گیس', 'موسم', 'بجلی', 'چین', 'یورپ', 'ریکارڈ']"
91,مقامی کاٹن مارکیٹ میں گزشتہ ہفتہ کے دوران روئی کے بھاؤ میں ہوشربا اضافہ,"['بھارت', 'بنگلہ دیش', 'پنجاب', 'کراچی', 'بلوچستان', 'امریکہ', 'چین', 'یورپ', 'سندھ', 'پاکستان', 'ریکارڈ', 'درآمد']"
92,پی ٹی آئی سینیٹ انتخابات با آسانی جیت جائے گی، فیصل جاوید,"['سینیٹ', 'عام انتخابات 2018', 'پاکستان تحریک انصاف', 'پاکستان']"
93,این اے 75 ڈسکہ، الیکشن کمیشن کے حکم پر پولیس افسران بھی معطل,"['الیکشن کمیشن', 'این اے75', 'جاں بحق', 'پولیس', 'پاکستان', 'الیکشن', 'فائرنگ', 'عام انتخابات 2018']"
94,زبردستی شادی،کندھ کوٹ میں دلہن ٹریکٹر ٹرالی سے کود کر تھانے جا پہنچی، دلہا فرار ,"['شادی', 'سندھ', 'احتجاج', 'پولیس', 'عدالت', 'میرا']"
95,احتساب عدالت نے ڈپٹی کمشنر جاوید جاگیرانی سمیت 11 ملزمان کو سات سات سال قید کی سزا سنادی,"['کرپشن', 'سماعت', 'جرمانہ', 'پولیس', 'عدالت']"
96,چترال میں نوجوانوں نے نایاب برفانی تیندوے کی جان بچالی,"['بھارت', 'حملہ', 'علاج', 'زخمی', 'پشاور', 'پاکستان', 'ہلاک']"
97,کووڈ19- کے باوجود سنہ 2020ء میں ایل این جی کی طلب مستحکم رہی،عالمی معیشتوں کی بحالی کے ساتھ اضافے کی توقع,"['بھارت', 'دنیا', 'سوئی گیس', 'موسم', 'بجلی', 'چین', 'ریکارڈ']"
98,کوہلو شہر کو پانی فراہمی کے کروڑوں روپے کا منصوبہ کرپشن کی نظر ,"['بلوچستان', 'پانی', 'کار', 'کرپشن']"
99,ہماری حکومت کو تمام بحران اور مسائل سابقہ حکمرانوں سے وراثت میں ملے ہیں،شہرام خان ترکئی ,"['مہنگائی', 'سوئی گیس', 'تعلیم', 'عام انتخابات 2018']"
100,اے این پی با م خیل ضلع صوابی کے سر کر دہ کارکنوں نے پی ٹی آئی میں شمولیت کا اعلان کر دیا ,"['سوئی گیس', 'عابد شیر علی', 'قومی اسمبلی', 'بجلی', 'اسمبلی', 'پاکستان تحریک انصاف', 'پاکستان', 'اے این پی']"
101,ینگ ڈاکٹرزایسوسی ایشن ڈیرہ کے زیراہتمام ’’ینگ ڈاکٹرزنائٹ‘‘کامقامی ہال میں انعقادکیاگیا,[]
102,ڈی آئی خان،پولیس کاسرچ اینڈسٹرائیک آپریشن ،اسلحہ بر آمد،ملزمان کیخلاف مقدمات درج ,['پولیس']
103,لکی مروت،پولیس کاسماج دشمن عناصر کیخلاف سرچ اینڈ سٹرائیک آپریشن ،40مشتبہ افراد گرفتار ،اسلحہ بر آمد,"['پولیس', 'ریلوے', 'اسلحہ']"
104,لکی مروت،فوڈ سیفٹی اینڈ حلال فوڈ اتھارٹی بنوں کی کارروائی ،تین دکانیں سیل ،باسی مچھلیاں اور دیگر خوردنی اشیاء برآمد کرکے تلف کردیں,"['ڈاکٹر', 'بنوں', 'پولیس']"
105,پاکستان اسٹاک مارکیٹ گذشتہ ہفتے بدترتین مندی کی لپیٹ میں رہی ,"['کمپنی', 'پیٹرول', 'ریکارڈ', 'پاکستان', 'کے الیکٹرک', 'کار', 'کاروبار', 'عام انتخابات 2018']"
106,گذشتہ ایک ہفتے کے دوران انٹر بینک میں اور مقامی اوپن کرنسی مارکیٹ میں ڈالر کے مقابلے پاکستانی روپے کی قدر بڑھ گئی,"['ڈالر', 'ریکارڈ', 'پاکستان']"
107,عالمی مارکیٹ میں گذشتہ ایک ہفتے کے دوران فی اونس سونا 64ڈالر سستا ہو کر 1734ڈالر ہو گیا,['پاکستان']
108,وفاقی حکومت کو سینیٹ الیکشن سے متعلق بڑے چیلنجزدرپیش ,"['مسلم لیگ (ن)', 'قاضی فائز عیسیٰ کیخلاف ریفرنس خارج', 'پنجاب', 'الیکشن کمیشن', 'قومی اسمبلی', 'ڈاکٹر', 'آصف علی زرداری', 'بلوچستان', 'چوہدری پرویز الٰہی', 'اسمبلی', 'سندھ', 'پاکستان تحریک انصاف', 'عدالت', 'سینیٹ', 'الیکشن', 'کار', 'عام انتخابات 2018']"
109,47 برس قبل کیا گیا وہ فیصلہ جس کی وجہ سے پاکستان کو اربوں ڈالرز کی بچت ہوئی,"['بھارت', 'دنیا', 'افریقہ', 'حملہ', 'ایم کے', 'پاکستان فضائیہ', 'پاکستان', 'ڈالر']"
110,سیالکوٹ، پولیس نے وقاص عرف ڈاکٹر کاشی گینگ سرغنہ سمیت گرفتار کرلیا,"['تھانہ', 'ڈکیتی', 'ڈاکٹر', 'پولیس', 'اسلحہ', 'موبائل']"
111,مکو آنہ ، نوعمر لڑکوں سے بدفعلی کرنے اور غیر اخلاقی ویڈیو بنانے والا گروہ کا سرغنہ گرفتار,"['تھانہ', 'پولیس', 'اسلحہ']"
112,مضبوط و مستحکم پا کستان کیلئے تمام طبقے روادا ر ی کے فروغ ، با ہمی جھگڑے اختلا فات بھلا کر پا کستان کو مضبوط اور مستحکم بنائیں ،مولانا سید محمد عبد الخبیرآزاد,"['نریندرا مودی', 'دنیا', 'ڈاکٹر', 'وزیراعظم', 'سری لنکا', 'کوئٹہ']"
113,بلوچستان عوامی پارٹی کے سینیٹ کی ٹیکنو کریٹ نشست پر امیدوار میر نوید کلمتی کے کاغذات نامزدگی منظور کئے جانے کیخلاف دائر آئینی درخواست خارج ,"['الیکشن کمیشن', 'بلوچستان', 'کاغذات نامزدگی', 'عدالت', 'چیف جسٹس', 'سینیٹ', 'الیکشن', 'عام انتخابات 2018']"
114,دکھی انسانیت کی خدمت میں کوئی کسر باقی نہیں چھوڑیں گے،محمد جہانگیر لانگو ,['کرپشن']
115,سیکرٹری صحت بلوچستان نورالحق بلوچ کا بولان میڈیکل ہسپتال کوئٹہ میں قائم کورونا ویکسی نیشن سینٹر کا دورہ ,"['مری', 'ڈاکٹر', 'بلوچستان', 'کوئٹہ', 'کرونا وائرس']"
116,محکمہ بی اینڈ ار میں ایکسین بی اینڈ ار کی ٹھیکیدار دشمن پالیسی اور سیاسی رشوت کمیشن اور سیاسی اثر رسوخ سے حق دار ٹھیکیداروں کی حق تلفی ہورہی ہے ،محمد زاہد اضمیر ,"['بلوچستان', 'احتجاج', 'کرپشن']"
117,کوئٹہ : پولیس کی بڑی کارروائی، ڈکیتی کی وارداتوں میں ملوث دو ڈکیتوں سمیت 10 ملزمان گرفتار، مال مسروقہ برآمد,"['ڈکیتی', 'ایف سی', 'چور', 'پولیس', 'کوئٹہ', 'ٹیکنالوجی', 'موبائل', 'منشیات', 'اسلحہ']"
118,با دینی با رڈر کے راستے افغانستان اور وسطی ایشائی ریا ستوں سے تجا رت کے نئے مواقع میسر آ رہے ہیں ،حا جی اختر کا کڑ ,"['افغانستان', 'جرگہ']"
119,جمعیت ضلع کوئٹہ کی مجلس عاملہ کا اجلاس (کل) ہو گا ,"['جمعیت', 'کوئٹہ']"
120,27فروری کا تاریخی دن پاکستان کی ہسٹری میں سنہرے حروف میں لکھا جائیگا،اسد قیصر,"['بھارت', 'مسلم لیگ (ن)', 'قومی اسمبلی', 'مسئلہ کشمیر', 'قطر', 'سینیٹ', 'دنیا', 'سٹیل مل', 'نقصان', 'الیکشن', 'سعودی', 'سوئی گیس', 'مریم نواز شریف', 'ابھیندن', 'پاکستان', 'عام انتخابات 2018', 'حملہ', 'تعلیم', 'سعودی عرب', 'اسمبلی', 'ریلوے']"
121,گذشتہ پانچ حکومتیں وعدوں کے باوجود پانچواں صوبہ نہیں بنا سکیں،سینیٹر سراج الحق,"['بھارت', 'مہنگائی', 'مسلم لیگ (ن)', 'ٹیکنالوجی', 'سینیٹ', 'ملتان', 'کرونا وائرس', 'ووٹ', 'سونامی', 'پیٹرول', 'پنجاب اسمبلی', 'نقصان', 'الیکشن', 'پنجاب', 'بجلی', 'سراج الحق', 'پاکستان تحریک انصاف', 'پاکستان', 'جلسہ', 'عام انتخابات 2018', 'نیپرا', 'الیکشن کمیشن', 'جماعت اسلامی', 'فرانس', 'وزیراعظم', 'اسمبلی']"
122,عوامی نیشنل پارٹی کا اے این پی بلوچستان کے ترجمان اسد خان اچکزئی کی شہادت پر تین روزہ سوگ کا اعلان,"['بلوچستان', 'اے این پی', 'امیر حیدر خان ہوتی']"
123,وزیراعلیٰ عثمان بزدارکا قلعہ کالر والا میں نجی سکول میں فائرنگ سے بچے کے جاں بحق ہونے کے واقعہ کا نوٹس، ملزم کی جلد گرفتاری کا حکم,"['پنجاب', 'عثمان بزدار', 'جاں بحق', 'وزیراعلیٰ پنجاب', 'پولیس', 'فائرنگ']"
124,دوسال قبل پاک فضائیہ کی دشمن ملک کے خلاف حیران کن کارکردگی نے پاکستان کا نام دنیا بھر میں روشن کیا‘راجہ بشارت ,"['پاک افواج', 'بھارت', 'دنیا', 'نریندرا مودی', 'وزیر قانون', 'راجہ بشارت', 'مسئلہ کشمیر', 'پاکستان فضائیہ', 'مقبوضہ کشمیر', 'ابھیندن', 'پاکستان']"
125,مریم خود کولیڈر اورحمزہ کو کارکن سمجھتی ہیں‘ ڈاکٹر فردوس عاشق اعوان ,"['پیپلز پارٹی', 'لاہور', 'دنیا', 'مسلم لیگ (ن)', 'کرپشن', 'پنجاب', 'علاج', 'ڈاکٹر', 'وزیراعظم', 'چور', 'مریم نواز شریف', 'فردوس عاشق اعوان', 'پاکستان', 'یوسف رضا گیلانی', 'الیکشن', 'لانگ مارچ', 'عام انتخابات 2018']"
126,ہائی کورٹ بار ایسوسی ایشن کے سالانہ انتخابات کے نتائج کا اعلان ,"['عام انتخابات 2018', 'لاہور', 'عدالت', 'صدر مملکت']"
127,کریک ڈائون کے دوران425ارب روپے سے زائدمالیت کی اراضی واگذار کروائی جا چکی ہے‘بابر حیات تارڑ,"['سیلاب', 'پنجاب', 'عثمان بزدار', 'ڈاکٹر', 'وزیراعلیٰ پنجاب', 'ٹیکنالوجی', 'فردوس عاشق اعوان', 'پاکستان', 'قائداعظم', 'عدالت', 'ریکارڈ', 'کرونا وائرس']"
128,میٹرک کے طالبعلم نے چھٹی کے بعد وین کا انتظار کرنیوالے کلاس چہارم کے طالبعلم کو آفس میں پڑی بندوق سے ہلاک کردیا,"['ہلاک', 'تھانہ', 'پولیس']"
129,ہمارے تحریک انصاف کے ساتھ کوئی مذاکرات نہیں ہوئے، احسن اقبال ,"['مذاکرات', 'مسلم لیگ (ن)', 'کرپشن', 'پنجاب', 'این اے75', 'آصف علی زرداری', 'بلوچستان', 'چوہدری پرویز الٰہی', 'اسمبلی', 'پاکستان تحریک انصاف', 'ٹیکنالوجی', 'پاکستان', 'سینیٹ', 'الیکشن', 'احسن اقبال', 'عام انتخابات 2018']"
130,طالبان سے متعلق ڈی جی آئی ایس پی آر کا بیان قابل تعریف ہے افغانستان,"['دنیا', 'آئی ایس پی آر', 'مذاکرات', 'فوج', 'امریکہ', 'افغانستان', 'نقصان', 'قطر', 'پاکستان', 'ہلاک', 'طالبان', 'کرونا وائرس']"
131,سپریم کورٹ سینیٹ صدارتی ریفرنس پر محفوظ رائے یکم مارچ کو سنائے گی,"['پیپلز پارٹی', 'مسلم لیگ (ن)', 'قاضی فائز عیسیٰ کیخلاف ریفرنس خارج', 'الیکشن کمیشن', 'سماعت', 'پارلیمنٹ', 'سپریم کورٹ', 'پاکستان', 'چیف جسٹس', 'سینیٹ', 'عدالت', 'الیکشن', 'عام انتخابات 2018']"
132,سینیٹ الیکشن، جماعت اسلامی نے پی ڈی ایم کی حمایت کا اعلان کر دیا، معاملات طے پاگیا ,"['پیپلز پارٹی', 'ووٹ', 'مسلم لیگ (ن)', 'جماعت اسلامی', 'پاکستان', 'اسمبلی', 'خیبرپختونخوا', 'سینیٹ', 'الیکشن', 'اے این پی', 'عام انتخابات 2018']"
133,پی ٹی آئی حکومت نے اڑھائی سال کے دوران 4748 ارب روپے بچائے، عمرایوب ,"['ڈالر', 'پاکستان تحریک انصاف', 'وزیراعظم', 'پاکستان']"
134,سینٹ انتخابات میں نون لیگ نے حکومت کے ساتھ مثبت بات چیت کی، فواد چوہدری ,"['ٹیکنالوجی', 'پنجاب', 'عام انتخابات 2018']"
135,ترک اداکارانگین التان کا کاشف ضمیر کے خلاف قانونی چارہ جوئی کا فیصلہ,"['لاہور', 'کمپنی', 'سوشل میڈیا', 'ارطغرل غازی', 'پاکستان']"
136,ایشوریا سے مشابہت رکھنے والی پاکستانی لڑکی آمن عمران کی تصاویر وائرل,"['بالی وڈ', 'سوشل میڈیا']"
137,ریتھک روشن نے کنگنا کیخلاف کرائم برانچ میں بیان ریکارڈ کروادیا,"['بھارت', 'ممبئی', 'فلم', 'ریکارڈ', 'بالی وڈ']"
138,روینہ ٹنڈن کی بیٹی نے تائی کوانڈو میں بلیک بیلٹ حاصل کرلی,['بالی وڈ']
139,پی ایس ایل 6، اسلام آباد یونائیٹڈ کا پشاور زلمی کو کامیابی کے لیے 119 رنز کا ہدف,"['اسلام آباد یونائیٹڈ', 'کھیل', 'ریاض', 'کراچی', 'پاکستان سپر لیگ', 'پشاور زلمی', 'پاکستان', 'پشاور', 'امام الحق', 'اسلام آباد']"
140,بچوں کو ناجائز ہونے کا طعنہ، ماں نے سگے بچوں کو جلا کر راکھ کر دیا ,"['بیوی', 'لاہور', 'شادی', 'قاتل', 'پیٹرول', 'قتل', 'جاں بحق', 'پولیس', 'آتشزدگی']"
141,ٹیکساس کا طوفان ’ویک اپ کال‘ تھی، وائٹ ہاؤس کی مشیر,"['جرمنی', 'طوفان', 'موسم', 'ڈالر', 'بجلی', 'امریکہ', 'نقصان', 'ترکی', 'ہلاک']"
142,حمزہ شہباز ابھی ضمانت پر ہیں، باتیں ایسے کررہے ہیں جیسے بری ہو گئے ہوں، وزیر اطلاعات ,"['جیل', 'حمزہ شہباز', 'کرپشن', 'وزیر اطلاعات', 'مریم نواز شریف', 'عدالت', 'پاکستان']"
143,پاکستان نے برطانیہ سمیت 8 ممالک کے شہریوں پر ملک میں داخلے پر پابندی عائد کر دی,"['برطانیہ', 'سعودی', 'دنیا', 'افریقہ', 'آسٹریلیا', 'سعودی عرب', 'چین', 'ہالینڈ', 'قطر', 'پاکستان', 'کرونا وائرس']"
144,حفیظ شیخ چاہتے ہیں کہ قانون میں ترمیم ہو اور حکومت کو 15 سال مل جائیں، محمد زبیر,"['الیکشن کمیشن', 'وزیراعظم', 'کرکٹ', 'آئی ایم ایف', 'گورنر', 'سندھ', 'پاکستان تحریک انصاف', 'مریم نواز شریف', 'پاکستان', 'سینیٹ', 'حفیظ شیخ', 'اسد عمر', 'الیکشن', 'عام انتخابات 2018']"
145,گورنرپنجاب کے بیٹے نے سکاؤٹش لیبرپارٹی کے سربراہ کا الیکشن جیت لیا ,"['برطانیہ', 'ووٹ', 'پنجاب', 'چوہدری پرویز الٰہی', 'گورنر', 'الیکشن', 'عام انتخابات 2018']"
146,کمپیوٹر اراضی ریکارڈ سنٹر میں آگ بھڑک اٹھی، جانی نقصان نہیں ہوا,"['ریکارڈ', 'نقصان']"
147,بیرسٹر حسان نیازی کے ریسٹورنٹ میں ہونے والے جھگڑے کی حقیقت سامنے آگئی,"['حملہ', 'لاہور', 'پولیس']"
148,شیخ رشید صاحب! نون میں سے شین کب نکلے گی؟ ,"['میاں نواز شریف', 'جیل', 'حمزہ شہباز', 'مسلم لیگ (ن)', 'کرپشن', 'پنجاب', 'کار', 'اسمبلی', 'مریم نواز شریف', 'حامد میر', 'پنجاب اسمبلی', 'براڈ شیٹ', 'ریلوے']"
149,”میں گورنر ہوں یہ سندھ ہے اور یہاں پیپلز پاوری ہورہی ہے“:عمران اسماعیل,"['الیکشن کمیشن', 'کرکٹ', 'گورنر', 'سندھ', 'پاکستان تحریک انصاف', 'پاکستان', 'سینیٹ', 'اسد عمر', 'الیکشن', 'عام انتخابات 2018']"
150,کامل علی آغا کا بلا مقابلہ سینیٹرمنتخب ہونا پارٹی قیادت کا کارنامہ ہے ،طارق حسن,"['پیپلز پارٹی', 'شاہد خاقان عباسی', 'پنجاب', 'چوہدری پرویز الٰہی', 'اسمبلی', 'سندھ', 'پنجاب اسمبلی', 'پاکستان']"
151,ڈاکٹر سید محمد علی زیدی کا ظفر صدیقی کے ہمراہ حیدری مارکیٹ و اطراف کا دورہ ,"['پیپلز پارٹی', 'ڈاکٹر', 'بلدیاتی انتخابات', 'پاکستان', 'جلسہ', 'عام انتخابات 2018']"
152,حکومت سٹی وارڈن کوفی الفور تنخواہوں کی ادائیگی یقینی بنائے ، اعلیٰ عدلیہ سے رجوع کرنے پر مجبور نہ کیا جائے : سردار ذوالفقار,"['ٹریفک', 'سندھ ہائیکورٹ', 'کراچی', 'بلدیاتی انتخابات', 'سندھ', 'بجٹ', 'چولہے']"
153,"بلال عباس خان ، نبیل قریشی کی نئی فلم ""کھیل کھیل میں ""میں جلوہ گر ہوں گے","['کھیل', 'فلم', 'سوشل میڈیا', 'نامعلوم افراد']"
154,خیرپور : مدرسہ کی دیوارگرنے سے 2 مزدور جاں بحق ، 3 زخمی,"['حادثہ', 'جاں بحق', 'زخمی', 'پولیس', 'ملا فضل اللہ']"
155,ایم کیو ایم پاکستان کے مرکزپر چیئر مین بلاول بھٹو کی ہدایت پر آئے ہیں، سید ناصرشاہ,"['پیپلز پارٹی', 'بلاول بھٹو زرداری', 'مسلم لیگ (ن)', 'متحدہ قومی موومنٹ', 'پنجاب', 'شرجیل میمن', 'ایف سی', 'کراچی', 'وزیر اطلاعات', 'ایم کے', 'سندھ', 'پاکستان تحریک انصاف', 'پاکستان', 'سینیٹ', 'الیکشن', 'عام انتخابات 2018']"
156,سوئی سدرن گیس کمپنی ملازمین کو ہراساں کرنے سے باز رہے، وقار مہدی,"['پیپلز پارٹی', 'سوئی گیس', 'کمپنی', 'پی آئی اے', 'سندھ', 'احتجاج', 'پاکستان']"
157,حب واٹرفلٹر پلانٹ کے مختلف یونینز کے کارکنوں کی بھی یونائیٹڈ ورکرز یونین میں شمولیت,['کراچی']
158,واٹر بورڈ یونائیٹڈ ورکرز یونین کے جنرل سیکریٹری اکرام خان کی کرم اللہ وقاصی سے ملاقات,['کراچی']
159,ملیریا کنٹرول پروگرام کے عملے کو کونسل قرارداد کے مطابق میونسپل سروسز سے میڈیکل اینڈ ہیلتھ ڈپارٹمنٹ میںبھیجا جائے،سید ذوالفقار شاہ ,"['بجٹ', 'سندھ', 'ڈینگی', 'قرارداد']"
160,بلدیہ وسطی اور بلدیہ جنوبی کی کنٹریکٹ ٹیچرز و دیگر عملے کو مستقل کیا جائے،سجن یونین ,[]
161,سول ایوی ایشن کا سی کیٹیگری ممالک کے شہریوں سے متعلق اہم فیصلہ,"['برطانیہ', 'سعودی', 'افریقہ', 'آسٹریلیا', 'سعودی عرب', 'ہالینڈ', 'قطر', 'پاکستان', 'کرونا وائرس']"
162,ٹویٹرصارفین 'ٹی ازفنٹاسٹک ' کو بھول نہ سکے ، ایک بارپھرمیمز کا طوفان,"['بھارت', 'دنیا', 'طوفان', 'سوشل میڈیا', 'فوج', 'پاکستان فضائیہ', 'ابھیندن', 'پاکستان']"
163,میونسپل کمشنر بلدیہ وسطی نے نارتھ کراچی میں کمرشل سرگرمیاں شروع کرانے کے الزام میں ڈائریکٹر ایجوکیشن سینٹرل محمد اسلم کو معطل کردیا,['کراچی']
164,کراچی سمیت سندھ بھر سے آوارہ کتوں کا خاتمہ سندھ حکومت کے لئے راکٹ سائنس بن گیا,"['ووٹ', 'کراچی', 'کرکٹ', 'بلدیاتی انتخابات', 'اسمبلی', 'سندھ', 'صوبائی اسمبلی', 'سینیٹ', 'درآمد', 'کار']"
165,صارفین کے مسائل اسی وقت حل ہوتے ہیں جب وہ اپنے حقوق اور درست فورم سے آگاہ ہوں، امین الحق,"['دنیا', 'ہوٹل', 'انٹرنیٹ', 'موبائل', 'کراچی', 'ٹیکنالوجی', 'پاکستان', 'اسٹاک ایکسچینج']"
166,سینیٹ الیکشن: جماعت اسلامی کا یوسف رضا گیلانی کو ووٹ دینے کا اعلان ,"['پیپلز پارٹی', 'ووٹ', 'مسلم لیگ (ن)', 'پنجاب', 'الیکشن کمیشن', 'جماعت اسلامی', 'ڈاکٹر', 'یوسف رضا گیلانی', 'پشاور', 'ایم کے', 'عرفان صدیقی', 'پاکستان تحریک انصاف', 'پاکستان', 'سینیٹ', 'الیکشن', 'سعدیہ عباسی', 'اسلام آباد', 'عام انتخابات 2018']"
167,جرائم پر قابو پانے کے لئے موٹر سائیکلز پر مشتمل ابابیل فورس متعارف کروا دی گئی ,"['سی آئی اے', 'لاہور', 'فسادات', 'پولیس']"
168,شرقپور شریف ‘مدرسہ سے واپسی پر پانچ سالہ بچہ مبینہ زیادتی کے بعد قتل ,"['محرم الحرام', 'قتل', 'پولیس']"
169,پتوکی ‘تین مسلح ڈاکوگن پوائنٹ پر شہری سے موٹر سائیکل چھین کر فرار ,"['تھانہ', 'پولیس']"
170,کالجز میں یکم مارچ سے پورے پنجاب میں سو فیصد حاضری کی پالیسی نافذ ہوگی,"['لاہور', 'کرونا وائرس', 'پنجاب']"
171,بابراعظم کے 90 رنز کی ناقابل شکست اننگز نے کراچی کنگز کو ملتان سلطانز کے خلاف فتح دلادی,"['ملتان سلطانز', 'ٹی ٹونٹی', 'کراچی', 'کرکٹ', 'نقصان', 'مسیحی برادری', 'پاکستان سپر لیگ', 'شاہد آفریدی', 'کراچی کنگز', 'ملتان']"
172,کل جماعتی حریت کانفرنس اور دیگر کا جنگ بندی کے پاک بھارت اعلان کا خیرمقدم،پائیدار امن کیلئے مسئلہ کشمیر کے حل کی ضرورت پر زور,"['حریت کانفرنس', 'بھارت', 'کنٹرول لائن', 'اقوام متحدہ', 'مسئلہ کشمیر', 'مقبوضہ کشمیر', 'پاکستان', 'ایٹمی']"
173,بھارت نے اپنی فوج کو کشمیریوں کے قتل کا لائسنس دے رکھا ہے، یوسف نقاش,"['بھارت', 'قتل', 'سوشل میڈیا', 'اقوام متحدہ', 'مسئلہ کشمیر', 'مقبوضہ کشمیر']"
174,تنازعہ کشمیر کے حل کے حوالے سے پاکستانی وزیر اعظم کے ٹویٹ کا خیرمقدم ,"['بھارت', 'مذاکرات', 'کنٹرول لائن', 'مسئلہ کشمیر', 'تباہی', 'پاکستان']"
175,اقوام متحدہ کی انسانی حقوق کی سربراہ کامقبوضہ جموںوکشمیرکی بگڑتی ہوئی صورتحال پر اظہار تشویش,"['برطانیہ', 'بھارت', 'جیل', 'قتل', 'سماعت', 'اقوام متحدہ', 'تعلیم', 'مسئلہ کشمیر', 'مقبوضہ کشمیر', 'سول سوسائٹی', 'کاروبار']"
176,حکومت نے اڑھائی سالوں میں 4 ہزار748 ارب روپے بچا لیے ,"['مسلم لیگ (ن)', 'وزیراعظم', 'پاکستان تحریک انصاف', 'قطر', 'پاکستان', 'ڈالر', 'درآمد', 'تیل']"
177,اپوزیشن کا ایجنڈا صرف سیاسی مفادات تک محدود رہتا ہے،چوہدری فواد حسین,"['فواد چوہدری', 'ٹیکنالوجی', 'پنجاب', 'عام انتخابات 2018']"
178,صوبائی سطح پر عوام کیلئے سستی بجلی کی پیداوار اور ترسیل میں اہم پیشرفت ,"['نیپرا', 'قرضہ', 'کمپنی', 'بجلی', 'مسئلہ کشمیر', 'نقصان', 'آزاد کشمیر', 'کے الیکٹرک']"
179,قراقرام یونیورسٹی میں زیر تعمیر نیو اکیڈمک بلاک ٹو کو قومی ہیرو علی سدپارہ کے نام سے منسوب کردیا,['ڈاکٹر']
180,اے این پی کے رہنما اسد خان اچکزئی کی لاش کوئٹہ سے برآمد ,"['لاپتہ افراد', 'قتل', 'بلوچستان', 'کوئٹہ', 'سوات', 'اے این پی', 'نامعلوم افراد']"
181,سکھر :تھانہ نیو پنڈ کی حد سے نامعلوم چور موٹر سائیکل لے اڑے,"['تھانہ', 'پولیس', 'چور']"
182,شفقت علی شاہ کی جانب سے ف لیگ لائرز فورم کے اراکین کے اعزاز میں ظہرانے کا اہتمام ,"['وکلا', 'پاکستان']"
183,سکھر : 132 کے وی آرائین روڈ سکر گرڈ اسٹیشن سے بجلی کی فراہمی 28 فروری تک بند رہے گی ،سپیکو ,"['ائیرپورٹ', 'بجلی']"
184,اورنگی نالے پر سافٹ آپریشن ، زیرو پوائنٹ تھانہ اقبال مارکیٹ سے بنارس آٹھ نمبر تک سافٹ تجاوزات ہٹادی گئیں,"['تھانہ', 'ہوٹل', 'کراچی', 'پولیس', 'رینجرز']"
185,برطانیہ سے تشریف لائے محمدراحیل مرزا اور راغب مرزاکا المصطفیٰ میڈیکل سینٹر گلشن اقبال کا دورہ,"['علاج', 'برطانیہ', 'سانحہ گلشن اقبال لاہور']"
186,کرپشن کا جرم ثابت ہونے پر قمبر شہداد کوٹ کے ڈپٹی کمشنر جاوید جاگیرانی اور ایڈمنسٹریٹر آصف آرائیںسمیت 11 ملزمان کوقید کی سزا,"['جیل', 'عدالت', 'کرپشن', 'جرمانہ']"
187,شیخ ایاز یونیورسٹی شکارپور میں ٹگ آف وار مقابلوں کا انعقاد,"['پنجاب', 'ڈاکٹر', 'علی محمد مہر', 'سندھ', 'پنجاب یونیورسٹی', 'پاکستان']"
188,غیرملکی اسمگلروں کو رشوت لے کر رہا کرنے والے 2پولیس افسران کو 6مارچ تک ریمانڈ پر پولیس کے حوالے ,"['سماعت', 'کراچی', 'پولیس', 'منشیات', 'عدالت']"
189,انسداد دہشت گردی عدالت نے حلیم عادل شیخ اور سمیر شیخ کی درخواست ضمانت پر محفوظ کیا گیا فیصلہ پیر تک موخر کردیا,"['وکلا', 'کراچی', 'کار', 'اسمبلی', 'سندھ', 'عدالت', 'فائرنگ']"
190,سابق وزیر داخلہ سندھ ذوالفقار مرزا پر ایم پی اے کی دکان اور تھانے پر حملے کے کیس میں فیصلہ محفوظ کرلیا گیا ,"['وکلا', 'سماعت', 'کراچی', 'ذوالفقار مرزا', 'سندھ', 'پولیس', 'عدالت']"
191,قائم علی شاہ سے امتیاز شیخ کی ملاقات ،صاحبزادی کی وفات پر تعزیت ,"['پیپلز پارٹی', 'قائم علی شاہ', 'سندھ', 'پاکستان']"
192,گینگ وار سرغنہ عزیر بلوچ آٹھویں مقدمے سے بھی بری,"['تھانہ', 'قتل', 'سماعت', 'عدالت', 'لیاری']"
193,پی پی کا الیکشن کمیشن سے گورنر سندھ کے خلاف کارروائی کا مطالبہ,"['پیپلز پارٹی', 'الیکشن کمیشن', 'گورنر', 'سندھ', 'پاکستان', 'سینیٹ', 'الیکشن', 'چیف الیکشن کمشنر', 'عام انتخابات 2018']"
194,شہرمیں میاواکی فاریسٹ وقت کی ضرورت ہے ،ایڈمنسٹریٹرکراچی ,"['ٹیکنالوجی', 'کراچی', 'پاکستان']"
195,کے ایم سی اسپورٹس کمپلیکس میں غیرقانونی اور غیر اخلاقی سرگرمیوں کی اجازت نہیں دی جاسکتی،لئیق احمد,"['دنیا', 'ٹینس', 'شادی', 'کھیل', 'کراچی', 'مسئلہ کشمیر', 'سپریم کورٹ', 'پاکستان', 'عدالت']"
196,سکھر میں سکیورٹی اداروں کا آپریشن ،کالعدم ٹی ٹی پی کے 2دہشت گرد ہلاک ,"['فائرنگ', 'جنوبی وزیرستان', 'شاہ محمود قریشی', 'سندھ', 'پولیس', 'موبائل', 'ہلاک', 'دہشت گرد', 'شہید']"
197,ڈسٹرکٹ بار ایسوسی ایشن کے سالانہ انتخا با ت برائے سال2021 کاانعقاد ,"['ووٹ', 'عدالت', 'عام انتخابات 2018']"
198,’’ٹی از فنٹاسٹک‘‘ایل ڈی اے میں سرپرائز ڈے منایا گیا,"['پاکستان فضائیہ', 'بھارت', 'ریاض', 'ابھیندن']"
199,بلوچستان نیشنل پارٹی اور بلوچستان نیشنل پارٹی (عوامی ) کے درمیان سینیٹ انتخابات کے حوالے سے معاملات طے پا گئے ,"['ووٹ', 'قومی اسمبلی', 'اختر مینگل', 'بلوچستان', 'اسمبلی', 'سینیٹ', 'عام انتخابات 2018']"
200,بی اے پی (عوامی ) کے سربراہ میر اسرار اللہ زہری اور چیئر مین سینیٹ کے درمیان غلط فہمیاں دور ،آئندہ باہمی روابط استوار رکھنے پر اتفاق ,"['سینیٹ', 'بلوچستان']"
201,سٹی ڈویژن پولیس نے موٹر سائیکل چوری اور چھیننے والے گروہ کے سرغنہ سمیت چار ارکان کو گرفتار کرلیا,"['پولیس', 'کوئٹہ']"
202,بلوچ قوم کو اپنی تاریخ، ثقافت اور اپنی زبان ، اقدار و روایات سے منسلک رہناہوگا ،شفیق الرحمان ساسولی,"['بلوچستان', 'دنیا', 'جہاد']"
203,جی ٹی اے کے انتخابات میں اساتذہ کا جوق درجوق علم دوست پینل میں شمولیت کا سلسلہ جاری ,"['مری', 'عام انتخابات 2018']"
204,تمام اراکین اسمبلی سینیٹ انتخابات کے معاملے پر وزیر اعظم کے فیصلے کے ساتھ کھڑے ہیں،خرم شیرزمان,"['پیپلز پارٹی', 'ووٹ', 'بینظیر بھٹو', 'کراچی', 'آصف علی زرداری', 'فیصل واوڈا', 'بلدیاتی انتخابات', 'اسمبلی', 'سندھ', 'پاکستان تحریک انصاف', 'پاکستان', 'سینیٹ', 'الیکشن', 'میرا', 'عام انتخابات 2018']"
205,سندھ میں گزشتہ 24 گھنٹوں کے دوران کورونا وائرس سے متاثرہ مزید 8 مریض انتقال کرگئے ,"['علاج', 'سندھ', 'کرونا وائرس', 'کراچی']"
206,آپریشن سوئفٹ ریٹارٹ کی دوسری سالگرہ پوری قوم نے عزم و حوصلے کی یادگار کے طور پر منائی,"['بھارت', 'آزاد کشمیر', 'حملہ', 'کراچی', 'اقوام متحدہ', 'مسئلہ کشمیر', 'پاکستان فضائیہ', 'مقبوضہ کشمیر', 'ابھیندن', 'پاکستان', 'ریکارڈ', 'قرارداد']"
207,حمزہ شہبازکوٹ لکھپت جیل سے رہا،جگہ جگہ استقبال ،گل پاشی کی گئی ،مریم نواز نے جیل کے باہر استقبال کیا,"['جیل', 'حمزہ شہباز', 'مسلم لیگ (ن)', 'کرپشن', 'گاڑی', 'چور', 'سپریم کورٹ', 'درآمد', 'آٹا', 'براڈ شیٹ', 'شاہد خاقان عباسی', 'ہیروئن', 'قرضہ', 'مریم اورنگزیب', 'پنجاب اسمبلی', 'میٹرو', 'حنیف عباسی', 'الیکشن', 'برطانیہ', 'میاں نواز شریف', 'لاہور', 'غریب', 'گاڑیاں', 'پنجاب', 'بیوی', 'شہباز شریف', 'خواجہ سعد رفیق', 'مریم نواز شریف', 'پاکستان', 'احسن اقبال', 'عام انتخابات 2018', 'الیکشن کمیشن', 'کراچی', 'اسمبلی', 'رانا ثناء اللہ', 'عدالت', 'پرویز رشید']"
208,سینیٹ الیکشن کیلئے حکومت اور مسلم لیگ ن کے رابطوں کا انکشاف,"['پیپلز پارٹی', 'مسلم لیگ (ن)', 'ٹیکنالوجی', 'سینیٹ', 'سعدیہ عباسی', 'ٹوئٹر', 'فواد چوہدری', 'چوہدری پرویز الٰہی', 'پنجاب اسمبلی', 'الیکشن', 'پنجاب', 'پاکستان تحریک انصاف', 'پاکستان', 'عام انتخابات 2018', 'الیکشن کمیشن', 'ڈاکٹر', 'آصف علی زرداری', 'اسمبلی', 'عرفان صدیقی']"
209,پی ایس ایل 6 کا دسواں میچ، پشاور زلمی نے ٹاس جیت لیا,"['اسلام آباد یونائیٹڈ', 'کھیل', 'ریاض', 'کراچی', 'پاکستان سپر لیگ', 'پشاور زلمی', 'پاکستان', 'پشاور', 'کراچی کنگز', 'اسلام آباد']"
210,سندھ میں سکیورٹی فورسز کی کارروائی، دو شدت پسند ہلاک,"['جنوبی وزیرستان', 'گاڑی', 'فوج', 'بلوچستان', 'امریکہ', 'سندھ', 'تحریک طالبان پاکستان', 'پولیس', 'پاکستان', 'ہلاک', 'طالبان', 'فائرنگ', 'نامعلوم افراد']"
211,ایل ڈی اے کا آٹھ غیر قانونی رہائشی سکیموں کے خلاف آپریشن،زیر تعمیر سڑکیں، چاردیواریاں اور دیگر انفراسٹرکچر مسمار,"['لاہور', 'پولیس']"
212,اے ٹی سی نے عدم ثبوت کی بنیاد پر راحیل قریشی ، تسنیم عالم اور دیگر ملزمان کو بری کردیا,"['جماعت اسلامی', 'متحدہ قومی موومنٹ', 'عدالت']"
213,فلسطینی نمازیوں کے قتل یہودی دہشت گرد کی قبر پرشراب کی محفل کا انعقاد,"['یہودی', 'حملہ', 'قتل', 'سوشل میڈیا', 'زخمی', 'دہشت گرد', 'فلسطین', 'شہید']"
214,پابندیوں کے باوجود 20 فلسطینیوں کی مسجد اقصی میں نماز جمعہ,"['دنیا', 'فوج', 'پولیس', 'کرونا وائرس', 'فلسطین', 'بارشیں']"
215,دبئی میں جاری کرونا ایس او پیز میں رمضان تک توسیع کا فیصلہ,"['دبئی', 'دنیا', 'متحدہ عرب امارات', 'کرونا وائرس']"
216,عسکری اور ممبااسکواڈ نے ہنڈا اٹلس پاورکپ باسکٹ بال ٹورنامنٹ کا فائنل کھیلنے کا اعزاز حاصل کرلیا ,"['کمپنی', 'تھر', 'ڈاکٹر', 'عدالت']"
217,لائیو ریسلنگ ایونٹ ( کل) پی اے ایف میوزیم کراچی میں منعقد ہوگا ,"['کراچی', 'پاکستان']"
218,ہونڈا اٹلس پاورکپ باسکٹ بال کا میگا فائنل کل کھیلا جائیگا,"['کمپنی', 'ڈاکٹر', 'کراچی', 'تھر', 'عدالت', 'پاکستان']"
219,انڈر21 گیمز‘صوابی ‘مردان ‘نوشہرہ اور چارسدہ میں ٹرائلز مکمل,"['اسفندیارولی خان', 'ٹینس', 'خان عبدالولی خان', 'کرکٹ', 'خیبرپختونخوا']"
220,گبین جبہ سپورٹس فیسٹیول میں سائیکلنگ‘جوڈو ‘رسہ کشی ٹیک بال کے شاندار مقابلے,"['وزیر اعلیٰ', 'موسم', 'کھیل', 'سائیکلنگ', 'پاکستان', 'سوات']"
221,آل سندھ سید غلام شبیر شاہ میموریل فٹبال ٹورنامنٹ کا آغاز ہوگیا,"['سندھ', 'فٹبال']"
222,مسجد ابراہیمی میں قتل عام کی یاد میں مظاہرے، تشدد سے کئی فلسطینی زخمی,"['یہودی', 'حملہ', 'قتل', 'فوج', 'زخمی', 'دہشت گرد', 'شہید']"
223,بہاولنگر،اندھے قتل کا ملزم گرفتار ,"['تھانہ', 'قتل', 'جاں بحق', 'پولیس', 'احتجاج', 'پاکستان', 'فائرنگ']"
224,بہاولنگر،ضلعی پولیس کا گزشتہ 24 گھنٹوں کے دوران جرائم پیشہ عناصر کریک ڈائون،متعدد ملزمان گرفتار، شراب،چرس اور اسلحہ ناجائز بر آمد,"['اسلحہ', 'پولیس', 'منشیات']"
225,اسسٹنٹ کمشنر صدوانتظامی امور چیک کرنے کیلئے اچانک بنیادی مرکز صحت پہنچ گئے ،ڈاکٹر وسٹاف کی حاضری چیک کی,"['ڈاکٹر', 'کرونا وائرس']"
226,حکومت پنجاب ڈویژن میں ترقیاتی منصوبوں کی بروقت تکمیل پر خصوصی فوکس کئے ہوئے ہے،ثاقب منان ,"['جیل', 'پنجاب', 'حکومت پنجاب', 'پیٹرول', 'ڈاکٹر']"
227,ایف ڈی اے سٹی کی چار دیواری کی تکمیل پر ایک کروڑ روپے کے فنڈز خرچ کئے جائینگے ، محمد سہیل خواجہ ,['بجلی']
228,مکوآنہ ،ضلعی انتظامیہ کاقبضہ مافیا کیخلاف آپریشن ،گذشتہ روز 67 کروڑ 86 لاکھ روپے مالیت کی سرکاری اراضی واگزار کرالی گئی ,[]
229,حکومت پنجاب کے خصوصی تعاون سے واسا کی سروسز میں مزید بہتری لائی جارہی ہے،شیخ شاہد جاوید ,"['حکومت پنجاب', 'پاکستان تحریک انصاف', 'پنجاب', 'قرضہ']"
230,پاکستان تحریک انصاف حلقہ نمبر 6 کا سرپرائز ڈے پر چناری میں جلسہ عام کا اہتمام ,"['صوبائی اسمبلی', 'میاں نواز شریف', 'بھارت', 'دنیا', 'مسلم لیگ (ن)', 'نریندرا مودی', 'کرپشن', 'فوج', 'مسئلہ کشمیر', 'پاکستان فضائیہ', 'اسمبلی', 'مقبوضہ کشمیر', 'پاکستان تحریک انصاف', 'پاکستان', 'چھٹیاں', 'الیکشن', 'جلسہ', 'عام انتخابات 2018']"
231,کشمیر انسٹی ٹیوٹ آف انٹرنیشنل ریلیشنز اور ورلڈ مسلم کانگریس کے زیر اہتمام ویبنار ,"['جیل', 'بھارت', 'دنیا', 'متحدہ قومی موومنٹ', 'الطاف حسین', 'قتل', 'ڈاکٹر', 'اقوام متحدہ', 'فوج', 'تعلیم', 'مسئلہ کشمیر', 'فائرنگ']"
232,ڈپٹی کمشنر محمد علی کی زیر صدارت ڈسٹرکٹ پرائس کنٹرول کمیٹی کااجلاس,[]
233,جنوبی ایشیا میں پائیدار امن کیلئے مسئلہ کشمیر کا حل ناگزیر، کل جماعتی حریت کانفرنس ,"['حریت کانفرنس', 'بھارت', 'دنیا', 'نریندرا مودی', 'کنٹرول لائن', 'اقوام متحدہ', 'مسئلہ کشمیر', 'امریکہ', 'مقبوضہ کشمیر', 'پاکستان', 'ایٹمی', 'فائرنگ', 'دہلی', 'شہید']"
234,وزیر اعلی عثمان بزدار کی محکمہ اطلاعات و ثقافت کو بلوچ کلچرڈے بھرپورطریقے سے منانے کی ہدایت,"['لاہور', 'عثمان بزدار', 'پنجاب', 'بلوچستان', 'وزیراعلیٰ پنجاب']"
235,وزیراعلی عثمان بزدارکا شیخوپورہ کے علاقے میں بچے کے قتل کے واقعہ کا نوٹس، ملزمان کی جلد گرفتاری کا حکم,"['عثمان بزدار', 'قتل', 'پنجاب']"
236,سینیٹ الیکشن میں بلامقابلہ منتخب ہونے والے تحریک انصاف کے امیدوارعون عباس بپی کے اعزاز میں تقریب ,"['ہوٹل', 'پنجاب', 'عثمان بزدار', 'وزیراعلیٰ پنجاب', 'اسمبلی', 'پاکستان تحریک انصاف', 'پنجاب اسمبلی', 'پاکستان', 'سینیٹ', 'الیکشن', 'عام انتخابات 2018']"
237,دوسال قبل افواج پاکستان نے بھارتی طیارہ گرا کر اپنا ریکارڈ برقرار رکھا ‘عبدالعلیم خان,"['بھارت', 'نریندرا مودی', 'پنجاب', 'فوج', 'پاکستان', 'عبدالعلیم خان']"
238,فردوس امجد پی ٹی آئی کی پھپھے کٹنی خاتون ہے‘عظمی بخاری ,"['میاں نواز شریف', 'حمزہ شہباز', 'پنجاب', 'چور', 'مریم نواز شریف', 'پاکستان تحریک انصاف']"
239,مزدور او رورکر اقتصادی وصنعتی ترقی میں ریڑھ کی ہڈی کی حیثیت رکھتے ہیں،انصر مجید خان ,"['پنجاب', 'ڈاکٹر', 'سوشل میڈیا', 'تعلیم']"
240,سرگودھا ضلع میں قبضہ مافیا کیخلاف بھرپور انسداد تجاوزات مہم کے آغاز کیلئے ایک بار پھر اداروں کو متحرک کر دیا گیا,[]
241,لالہ موسیٰ،لوکل گورنمنٹ ترقیاتی پروگرام کے تحت 927ملین روپے لاگت سے 453ترقیاتی منصوبوں کے ٹینڈرز کا عمل مکمل، ورک آرڈرز کا اجرا شروع ,"['جیل', 'اسمبلی', 'سوئی گیس']"
242,فیصل آباد‘ غیر قانونی اسلحہ کی خریدوفروخت کرنیکا انکشاف,"['ریکارڈ', 'فیصل آباد', 'پولیس', 'اسلحہ']"
243,بھارت 72 سال کے ظلم و جبر کے باوجود کشمیریوں کے جذبہ آزادی کو ختم کرنا تو دور کی بات کمزور بھی نہیں کرسکا ہے،پیر سید افضل حیدر شاہ,"['بھارت', 'دنیا', 'اقوام متحدہ', 'فوج', 'تعلیم', 'مسئلہ کشمیر', 'مقبوضہ کشمیر', 'لیاقت بلوچ', 'پاکستان']"
244,پیپلزپارٹی نے گورنرسندھ کیخلاف کاروائی کیلئے الیکشن کمیشن کو خط لکھ دیا ,"['وزیر اعلیٰ', 'الیکشن کمیشن', 'لیاقت علی جتوئی', 'وزیراعظم', 'گورنر', 'سندھ', 'پاکستان تحریک انصاف', 'ارباب غلام رحیم', 'پاکستان', 'سینیٹ', 'الیکشن', 'عام انتخابات 2018']"
245,گور نر پنجاب کے صا حبزادے نے بر طانیہ کی سکاٹش لیبر پارٹی کے سر براہ کا الیکشن جیت لیا,"['ووٹ', 'پنجاب', 'چوہدری پرویز الٰہی', 'اسمبلی', 'پنجاب اسمبلی', 'الیکشن', 'عام انتخابات 2018']"
246,اسلام آباد انتظامیہ اور پولیس عوام تک پہنچنے کے لئے اور مسائل حل کرنے کے لئےکوشاں ہے، حمزہ شفقات,"['پولیس', 'اسلام آباد']"
247,سینیٹ الیکشن سے قبل حکومت کی ناراض اتحادی کو منانے کی کوششیں ,"['الیکشن کمیشن', 'اختر مینگل', 'بلوچستان', 'اسمبلی', 'پاکستان تحریک انصاف', 'کوئٹہ', 'پاکستان', 'سینیٹ', 'کاغذات نامزدگی', 'الیکشن', 'عام انتخابات 2018']"
248,عوام کی سماجی و معاشی ترقی کیلئے مو ثر اقدامات کئے جا رہے ہیں ، جام کمال خان,['بلوچستان']
249,120بستر پر مشتمل بین الاقوامی معیار کا ہسپتال پاکستان کا سب سے بڑا برن سینٹر ہے ، ڈاکٹر تحمیداللہ,"['علاج', 'ڈاکٹر', 'یو ایس ایڈ', 'امریکہ', 'پاکستان', 'پشاور', 'کار']"
250,وزیراعلی بلوچستان جام کمال خان کا پاک فضائیہ کی جانب سے بھارتی طیارہ مار گرانے کے واقعے کو دو سال مکمل ہونے پر پیغام,"['بھارت', 'دنیا', 'بلوچستان', 'پاکستان فضائیہ', 'پاکستان']"
251,وفاقی وزیر ماحولیات ملک امین اسلم نے کلین اینڈ گرین مہم کے تحت گلبرگ نرسری میں پودا لگایا,"['لاہور', 'پاکستان']"
252,اللہ کی لاٹھی بڑی بے آواز، نیازی تمہارا یوم حساب قریب آگیا ہے، حمزہ شہباز ,"['میاں نواز شریف', 'مہنگائی', 'لاہور', 'مسلم لیگ (ن)', 'جیل', 'کرپشن', 'پنجاب', 'کراچی', 'بجلی', 'چور', 'اسمبلی', 'پنجاب اسمبلی', 'عدالت', 'پاکستان', 'میٹرو', 'براڈ شیٹ', 'آٹا']"
253,پی ایس ایل 6، کراچی کنگز نے ملتان سلطانز کو7 وکٹوں سے ہرا دیا,"['ملتان سلطانز', 'کھیل', 'کراچی', 'پاکستان', 'نقصان', 'پاکستان سپر لیگ', 'سنچری', 'کراچی کنگز', 'ملتان']"
254,کیپٹل ڈیولیپمنٹ اتھارٹی پی این سی اے کے اشتراک سے مارچ میں جشن بہاراں بھرپور انداز میں منائے گی,['سی ڈی اے']
255,سخت لاک ڈاؤن کے باوجود جرمنی میں کورونا وائرس اب بھی بے قابو,"['جرمنی', 'برطانیہ', 'موسم', 'چین', 'ہالینڈ', 'کرونا وائرس']"
256,میانمار: مظاہرین کے خلاف پولیس کا کریک ڈاؤن,"['برطانیہ', 'یورپی یونین', 'سوئی گیس', 'جمہوریت', 'فیس بک', 'کینیڈا', 'اقوام متحدہ', 'فوج', 'برما', 'اسمبلی', 'پولیس', 'احتجاج', 'ہلاک', 'الیکشن', 'فائرنگ', 'پانی', 'عام انتخابات 2018']"
257,نمائشیں تجارتی سرگرمیوں کے فروغ کا باعث ہیں ،بریگیڈیئر اعجاز قمر کیانی,['عدالت']
258,سی ٹی ڈی نے 4 سال بعد دہشت گردوں کی تفصیلات پر مبنی ریڈ بک تیار کرلی,"['داعش', 'طالبان', 'القاعدہ', 'لشکر جھنگوی']"
259,ایم کیو ایم کے رہنما رؤف صدیقی و دیگر پر فردِ جرم ایک بار پھر موخر,"['متحدہ قومی موومنٹ', 'سماعت', 'کراچی', 'نقصان', 'سندھ', 'عدالت']"
260,خودکشی کرنیوالی ڈاکٹر ماہا کوکین کی عادی تھیں: چالان میں انکشاف,"['ڈاکٹر', 'کراچی', 'منشیات', 'عدالت', 'کوکین']"
261,جیکب آباد :ہندو نوجوان مہیش کمار کے قتل کا مقدمہ 3روز گذرنے کے باوجود درج نہ ہوسکا,"['تھانہ', 'قتل', 'پولیس', 'موبائل']"
262,جیکب آباد کے شہریوں کی جدوجہد رنگ لے آئی، محکمہ صحت نے نئے ڈائریکٹر کی تعیناتی کا فیصلہ کر لیا,"['یو ایس ایڈ', 'کار', 'کرپشن']"
263,جیکب آباد میں پولیس نے ایمبولینس کے ذریعے کی جانے والی ایرانی ڈیزل کی اسمگلنگ ناکام بنا دی,"['تھانہ', 'پیٹرول', 'پولیس', 'کوئٹہ', 'ڈرائیور']"
264,آوارہ کتوں کے کاٹنے سے بچوںکی ہلاکت کامقدمہ سندھ حکومت کیخلاف درج کیا جائے ،جماعت اسلامی سندھ,"['مہنگائی', 'کرپشن', 'علاج', 'قتل', 'جماعت اسلامی', 'زخمی', 'اسمبلی', 'سندھ', 'ہلاک']"
265,بلدیہ کورنگی کاعالمی سطح پر پاکستان کا نام روشن کرنے والے قومی کوہ پیما علی سد پارہ شہید کو خراج عقیدت,"['کوہ پیما', 'پاکستان']"
266,انجمن تاجران سینٹرل کے صدر عدنان صدیقی کے والد انتقال کرگئے,['کراچی']
267,سینئرجوائنٹ سیکرٹری عبدالستار کا ایوی ایشن ڈویژن سے تبادلہ,[]
268,احمد علی بٹ کا کورونا کے باعث 2 ہفتے تک قرنطینہ میں رہنے کا انکشاف,"['میرا', 'کرونا وائرس']"
269,فروری ،پاکستانیوں کے فنٹاسٹک چائے پر مزاحیہ تبصرے,"['ٹوئٹر', 'بھارت', 'دنیا', 'کینیڈا', 'فوج', 'پاکستان فضائیہ', 'ابھیندن', 'پاکستان']"
270,تھانہ چھانگا مانگا کی حدود میں تین روز میں 3 ڈکیتی کی وارداتیں ،مزاحمت پر ایک شخص قتل,"['تھانہ', 'ڈکیتی', 'قتل', 'زخمی', 'موبائل', 'فائرنگ']"
271,بھارت جان لے ،ہمارے فوجی جوان پاکستان کے ایک ایک انچ کی حفاظت کیلئے جان کی قربانی سے دریغ نہیں کرتے، شہر یار آفریدی ,"['بھارت', 'دنیا', 'کھیل', 'شہریار خان', 'فوج', 'مسئلہ کشمیر', 'ابھیندن', 'پاکستان']"
272,آزاد کشمیر ،پینٹر نے جہاز کو 27 فروری کے کارنامے سے رنگ دیا,"['بھارت', 'کراچی', 'اقوام متحدہ', 'مسئلہ کشمیر', 'پاکستان فضائیہ', 'مقبوضہ کشمیر', 'ابھیندن', 'پاکستان', 'ریکارڈ', 'قرارداد']"
273,علی گل پیر کافنٹاسٹک ٹی ڈے کی مناسبت سے ترانہ ریلیز,"['نقصان', 'ابھیندن', 'فیس بک', 'پاکستان']"
274,میٹرک کے طالبعلم کی دوسرے اسکول میں فائرنگ، ایک بچہ جاں بحق,"['جاں بحق', 'پولیس', 'فائرنگ', 'ایان علی']"
275,سانپ نکلنے کا واقعہ ،حلیم عادل شیخ نے انکوائری کمیٹی کو بیان ریکارڈ کرادیا ,"['سندھ', 'پولیس', 'محمود خان اچکزئی']"
276,حکومت میں شامل ارکانِ اسمبلی ہم سے رابطے میں ہیں، بلاول بھٹو زر داری,"['پیپلز پارٹی', 'مہنگائی', 'اسکینڈل', 'کرپشن', 'قومی اسمبلی', 'افغانستان', 'پشاور', 'سینیٹ', 'سی پیک', 'لانگ مارچ', 'ووٹ', 'دنیا', 'جمہوریت', 'ایف سی', 'فوج', 'بلوچستان', 'گوادر', 'خیبرپختونخوا', 'بنگلہ دیش', 'ریکارڈ', 'الیکشن', 'غریب', 'بینظیر بھٹو', 'ایم کے', 'پاکستان تحریک انصاف', 'حفیظ شیخ', 'پاکستان', 'عام انتخابات 2018', 'بلاول بھٹو زرداری', 'ذوالفقار علی بھٹو', 'آصف علی زرداری', 'وزیراعظم', 'اسمبلی', 'یوسف رضا گیلانی', 'شہید']"
277,خیبرپختونخوا میں بلامقابلہ سینیٹ الیکشن کرانے کی کوششیں ناکام ہوگئیں ,"['مسلم لیگ (ن)', 'پنجاب', 'الیکشن کمیشن', 'ڈاکٹر', 'اسمبلی', 'پاکستان تحریک انصاف', 'عرفان صدیقی', 'سعدیہ عباسی', 'پاکستان', 'سینیٹ', 'کاغذات نامزدگی', 'الیکشن', 'خیبرپختونخوا', 'عام انتخابات 2018']"
278,پاکستان سعودی عرب تعلقات میں کسی اور کی وجہ سے دوری پیدا نہیں ہو سکتی ہے، طاہر اشرفی ,"['وزیر دفاع', 'سعودی', 'دنیا', 'عراق', 'مصر', 'سعودی عرب', 'محمد بن سلمان آل سعود', 'امریکہ', 'پاکستان']"
279,سینیٹر شمیم آفریدی اور امجد آفریدی کا پاکستان پیپلز پارٹی میں شمولیت کا اعلان,"['پیپلز پارٹی', 'بلاول بھٹو زرداری', 'آصف علی زرداری', 'پاکستان', 'جلسہ']"
280,اپوزیشن اور اسٹیبلشمنٹ کے درمیان کچھ نہ کچھ مفاہمت ہوگئی ,"['میاں نواز شریف', 'مولانا فضل الرحمن', 'مہنگائی', 'حمزہ شہباز', 'مسلم لیگ (ن)', 'آصف علی زرداری', 'پاکستان تحریک انصاف', 'مریم نواز شریف', 'پولیس', 'یوسف رضا گیلانی', 'کار']"
281,ملتان کے شہریوں کے لئے اربوں روپے کے منصوبے دےئے، 200بستروں پر مشتمل نیا ہسپتال بنایا جائیگا:عثمان بزدار,"['پنجاب', 'عثمان بزدار', 'وزیراعظم', 'وزیراعلیٰ پنجاب', 'نقصان', 'ملتان']"
282,ان تمام منصوبوں کو ٹائم لائن کے تحت آگے بڑھایا جائے گااور لاہور کو حقیقی ترقی کی راہ پر گامزن کریں گے،وزیراعلی پنجاب,"['لاہور', 'ہوٹل', 'پنجاب', 'عثمان بزدار', 'وزیراعلیٰ پنجاب', 'ائیرپورٹ', 'پاکستان تحریک انصاف', 'پاکستان']"
283,وزیراعلیٰ پنجاب سردار عثمان بزدار کا بھارتی طیارے گرانے کے2برس مکمل ہونے پر ”سرپرائز ڈے“ پر پیغام,"['بھارت', 'نریندرا مودی', 'پنجاب', 'عثمان بزدار', 'پاکستان فضائیہ', 'وزیراعلیٰ پنجاب', 'لائن آف کنٹرول', 'پاکستان']"
284,پنجاب میں حکومتی اتحاد کے سینیٹرزکابلامقابلہ منتخب ہوناہماری کامیاب حکمت عملی کامنہ بولتا ثبوت ہے :عثمان بزدار,"['پنجاب', 'عثمان بزدار', 'ڈاکٹر', 'پاکستان تحریک انصاف', 'پاکستان', 'الیکشن', 'عام انتخابات 2018']"
285,یوسف رضا گیلانی کی سینیٹ میں کامیابی کے لیے پیپلز پارٹی اور ایم کیو ایم مک مکا کے لیے تیار,"['پیپلز پارٹی', 'ووٹ', 'متحدہ قومی موومنٹ', 'پنجاب', 'قومی اسمبلی', 'یوسف رضا گیلانی', 'ایم کے', 'اسمبلی', 'سندھ', 'پاکستان تحریک انصاف', 'ٹیکنالوجی', 'پاکستان', 'سینیٹ', 'الیکشن', 'عام انتخابات 2018']"
286,وزیراعلیٰ عثمان بزدار کا قومی یکجہتی کو فروغ دینے کیلئے احسن اقدام،2مارچ کو بلوچ کلچر ڈے شایان شان طریقے سے منانے کافیصلہ,"['بلوچستان', 'پنجاب', 'پاکستان']"
287,پنجاب میں سینٹ الیکشن پر پی پی پی اور ن لیگ کے درمیان مک مکا ہوا :ڈاکٹرفردوس عاشق اعوان,"['مہنگائی', 'لاہور', 'مسلم لیگ (ن)', 'کرپشن', 'پنجاب', 'کھیل', 'نادرا', 'وزیراعظم', 'وزیراعلیٰ پنجاب', 'بلدیاتی انتخابات', 'پاکستان تحریک انصاف', 'سپریم کورٹ', 'پاکستان', 'قطر', 'عدالت', 'الیکشن', 'کرایہ', 'عام انتخابات 2018']"
288,ڈسٹرکٹ پولیس آفیسر جہلم کے حکم پر پولیس کی کاروائی، پتنگ فروش گرفتار,"['تھانہ', 'پولیس']"
289,ڈسٹرکٹ ہیلتھ اتھارٹی جہلم میں آج مزید 3 افراد کی رپورٹ مثبت موصول ہوئی،ڈاکٹر وسیم اقبال، ڈاکٹر مظہر حیات,"['علاج', 'ڈاکٹر', 'کرونا وائرس']"
290,شہری حلقوں کا ایڈمنٹسریٹر و ڈپٹی کمشنر جہلم راؤ پرویز اختر کو بازاروں میں ٹریفک کی روک تھام کیلئے بیریئرز لگانے پر خراج تحسین,['درآمد']
291,وزیراعظم کا پنڈدادنخان کا دورہ، عمران خان قلعہ نندانہ کا ایم ڈی ٹورازم باغانوالہ کا تفصیلی دورہ کرینگے ,"['وزیراعظم', 'پاکستان']"
292,برائلر گوشت کے سیل پوائنٹ پر گندگی اور غلاظت کے ڈھیروں کے ختم کرنے کے لئے اقدامات کرنے کی ضرورت ہے،حافظ سرفراز احمد,[]
293,پنجاب کالج میں تقریب تقسیم انعامات ‘ڈپٹی کمشنر آسیہ گُل نے پوزیشن ہولڈر طالبات میں چیکس تقسیم کئے ,"['پنجاب', 'تعلیم']"
294,ڈپٹی کمشنر کی ہدایات ،اسسٹنٹ کمشنرکوٹ رادھاکشن کی قبضہ مافیا کیخلاف کاروائی ‘ڈیڑھ کروڑ روپے مالیت کی سرکاری زمین واگزار ,[]
295,ْ شورکوٹ چھائونی ،تیزرفتار موٹرسائیکل سوار کی ٹرک کو ٹکر ،موٹرسائیکل سوار کی ٹانگ ٹوٹ گئی,['ٹریفک']
296,سیاسی مفادات کیلئے کسی کو بھی پاک افواج کو سیاست میں نہیں گھسیٹنا چاہیے ‘محمدسرور,"['پاک افواج', 'لاہور', 'دنیا', 'پنجاب', 'ملک معراج خالد', 'ڈاکٹر', 'تعلیم', 'فوج', 'یوسف رضا گیلانی', 'ایم کے', 'پاکستان', 'سینیٹ', 'عام انتخابات 2018']"
297,پنجاب میں سینیٹ کے معاملہ پر چودھری پرویزالٰہی کی بہترین حکمت عملی سے غیر معمولی مثال دیکھنے میں آئی‘ چودھری شجاعت حسین ,"['مسلم لیگ (ن)', 'پنجاب', 'وزیراعظم', 'آصف علی زرداری', 'اسمبلی', 'پنجاب اسمبلی', 'پاکستان', 'سینیٹ', 'مسلم لیگ (ق)', 'عام انتخابات 2018']"
298,حمزہ شہباز کی رہائی سے قبل والد سے ملاقات ،اہل خانہ بھی شہبا زشریف سے ملے ,"['جیل', 'حمزہ شہباز', 'مسلم لیگ (ن)', 'پنجاب', 'شہباز شریف', 'اسمبلی', 'پنجاب اسمبلی']"
299,حمزہ اور مریم ایک ہی گاڑی میں سوار ہو کر استقبالیہ کیمپ تک پہنچے,"['جیل', 'حمزہ شہباز', 'مسلم لیگ (ن)', 'گاڑی', 'مریم اورنگزیب', 'مریم نواز شریف']"
300,ضمنی الیکشن میں ووٹ چور رنگے ہاتھوں پکڑے جا چکے ، انکو سزا ملنی چاہیے‘رانا ثناء اللہ ,"['لاہور ہائیکورٹ', 'ووٹ', 'حمزہ شہباز', 'لاہور', 'مسلم لیگ (ن)', 'پنجاب', 'چور', 'رانا ثناء اللہ', 'عدالت', 'پاکستان', 'الیکشن', 'عام انتخابات 2018']"
301,پاکستان کی بقاء صرف اور صرف شجر کاری میں ہے‘امین اسلم ,"['لاہور', 'وزیراعظم', 'پاکستان']"
302,وزارت ریلوے کے 5 افسروں کو گریڈ20اور گریڈ 21میں ترقی دیدی گئی ,['ریلوے']
303,نارنگ منڈی ‘کبوتر بازی کے شوقین دو افراد بجلی کی مین تاروں کو چھونے سے جاں بحق ,"['ہلاک', 'لاہور', 'جاں بحق', 'بجلی']"
304,پنجاب یونیورسٹی نے ایسو سی ایٹ ڈگری کامرس /بی کام پارٹ۔ون سالانہ امتحانات2020ء کے نتائج کا اعلان کر دیا,"['پنجاب یونیورسٹی', 'پنجاب']"
305,ڈسٹرکٹ پبلک سکول میں ایک روز ہ سالانہ فن فئیرز کا انعقاد ‘ڈپٹی کمشنر آسیہ گُل نے افتتاح کیا ,"['پاکستان تحریک انصاف', 'پاکستان']"
306,پی ڈی ایم نے خیبر پختونخوا سے سینیٹ الیکشن جیتنے کی حکمت عملی بنالی ,"['پیپلز پارٹی', 'مسلم لیگ (ن)', 'پنجاب', 'الیکشن کمیشن', 'جماعت اسلامی', 'ڈاکٹر', 'ایم کے', 'پشاور', 'عرفان صدیقی', 'پاکستان تحریک انصاف', 'پاکستان', 'سینیٹ', 'کاغذات نامزدگی', 'الیکشن', 'سعدیہ عباسی', 'عام انتخابات 2018']"
307,اپریل میں ستارے وزیراعظم عمران خان کے حق میں آجائیں گے,"['ووٹ', 'قاضی فائز عیسیٰ کیخلاف ریفرنس خارج', 'اسمبلی', 'پاکستان تحریک انصاف', 'سپریم کورٹ', 'عدالت', 'سینیٹ', 'الیکشن', 'اسلام آباد', 'عام انتخابات 2018']"
308,شبلی فراز کی سینیٹ میں سیٹ خطرے میں پڑ گئی,"['حمزہ شہباز', 'مسلم لیگ (ن)', 'آصف علی زرداری', 'وزیراعظم', 'یوسف رضا گیلانی', 'شہباز شریف', 'آئی ایم ایف', 'پارلیمنٹ', 'پاکستان تحریک انصاف', 'مریم نواز شریف', 'فیصل واوڈا', 'حفیظ شیخ', 'سینیٹ', 'الیکشن', 'عام انتخابات 2018']"
309,بھارتی کرکٹ بورڈ پاکستان کو آئی سی سی ایونٹس سے دور رکھنے کیلئے سرگرم,"['بھارت', 'دنیا', 'آئی سی سی', 'متحدہ عرب امارات', 'کرکٹ', 'پاکستان', 'کار']"
310,’حکومت کیلئے آخری حد تک جانے والے حلقے اب نہیں جارہے‘ شیخ رشید کی خاموشی کی وجہ سامنے آگئی ,"['نجی ٹی وی چینل', 'حمزہ شہباز', 'مسلم لیگ (ن)', 'پنجاب', 'الیکشن کمیشن', 'ڈاکٹر', 'شہباز شریف', 'عرفان صدیقی', 'نقصان', 'پاکستان تحریک انصاف', 'سعدیہ عباسی', 'پاکستان', 'سینیٹ', 'الیکشن', 'کار', 'عام انتخابات 2018']"
311,فیشن ڈیزائنگ کا پانچ روزہ تربیتی کیمپ آج سے شروع ہو گا,"['سعودی', 'دنیا', 'سعودی عرب', 'درآمد', 'کار']"
312,حرمین کے منصوبوں کا مقصد بھیڑ جیسی مشکلات کو حل کرنا ہے، چیف ڈیزائنر,"['سعودی', 'ڈاکٹر']"
313,اسرائیل سے وادی اردن میں انہدام اور ضبطی کی کارروائیاں روک دینے کا مطالبہ,"['برطانیہ', 'یورپی یونین', 'فرانس', 'اقوام متحدہ', 'اسرائیل', 'ناروے']"
314,سعودی عرب کے ساتھ تعلق بہت اہم ہے،امریکی وزیر خارجہ,"['سعودی', 'قتل', 'جمال خشوگی', 'سعودی عرب', 'امریکہ', 'واشنگٹن', 'مائیک پومپیو']"
315,جزیرہ نما النقب سے گرفتار فلسطینی پر حماس کے لیے جاسوسی کا الزام,"['شادی', 'غزہ', 'اسرائیل', 'فوج']"
316,روسی سفارتکار شمالی کوریا سے کیسے فرار ہوئی ویڈیو سامنے آگئی,"['فیس بک', 'ائیرپورٹ', 'روس', 'ریلوے', 'کرونا وائرس']"
317,سابق صدر بش پاکستانی کاروباری شخصیت جاوید انور کا پورٹریٹ بنائیں گے,"['امریکہ', 'جارج ڈبلیو بش', 'کراچی', 'تعلیم']"
318,ینگون میں پولیس نے مظاہرین پر ربر کی گولیاں برسا دیں,"['پولیس', 'احتجاج', 'برما', 'فوج']"
319,پاکستان اور بھارت کے درمیان دشمنی جاری رکھنے کی کوئی وجہ نظر نہیں آئی، ابھی نندن,"['بھارت', 'فوج', 'پاکستان فضائیہ', 'ابھیندن', 'پاکستان']"
320,حماس کی بمبار کشتیاں نیتن یاھو کے لیے ایک نئی پریشانی,[]
321,تحریک لبیک پاکستان کی جانب سے سینیٹ کے لئے امیدوار کھڑا ہونا بڑی کامیابی ہے،صوفی یحییٰ قادری ,"['مولانا خادم حسین رضوی', 'قتل', 'پارلیمنٹ', 'اسمبلی', 'سندھ', 'پاکستان', 'سینیٹ', 'الیکشن', 'عام انتخابات 2018']"
322,بزنس کمیونٹی کاسری لنکا میں کورونا سے انتقال کرنے والوں کی تدفین کی اجازت کا خیرمقدم,"['دنیا', 'وزیراعظم', 'سری لنکا', 'پاکستان', 'کرونا وائرس']"
323,معروف افسانہ نگار نغمانہ شیخ کے افسانوں کے مجموعہ ’’ ھوپ میں جلتے خواب‘‘ کی تقریب رونمائی یکم مارچ کو ہوگی,['کراچی']
324,برٹش کونسل کے ڈائریکٹر سندھ وبلوچستان مائیکل ہولگیٹ کی شیخ الجامعہ پروفیسر ڈاکٹر خالد محمو دعراقی سے ملاقات,"['ڈاکٹر', 'کراچی', 'تعلیم', 'سندھ', 'ٹیکنالوجی']"
325,پاک فضائیہ کے آپریشن سوئفٹ ریٹورٹ کے دو برس مکمل ہونے پر گورنرسندھ کا پیغام ,"['بھارت', 'دنیا', 'حملہ', 'وزیراعظم', 'پاکستان فضائیہ', 'پاکستان', 'دہشت گرد']"
326,وفاقی حکومت سیاسی ناکامیوں کے بعد اوچھے ہتھکنڈوں پراترآئی ہے،سید ناصر حسین شاہ ,"['سندھ', 'پولیس', 'پنجاب', 'غریب']"
327,سید ناصر حسین شاہ کی نشتر پارک میں جشنِ مولود کعبہ علی ابنِ ابو طالبؓ میں شرکت,"['وزیر اعلیٰ', 'سندھ']"
328,ملک میں جاری سیاسی افراتفری کا خمیازہ عوام بھگت رہے ہیں ،حاجی حنیف طیب ,"['مہنگائی', 'دنیا', 'سوئی گیس', 'قومی اسمبلی', 'کراچی', 'بجلی', 'اسمبلی', 'پاکستان']"
329,سائٹ سپر ہائی وے میں ٹریکٹر ٹرالی کی ٹکر سے دو بچوں کی ہلاکت کا اہل خانہ نے بھانڈا پھوڑ دیا,"['حادثہ', 'جاں بحق', 'زخمی', 'پولیس', 'موبائل', 'عبدالستار ایدھی', 'ڈرائیور']"
330,رمضان سے پہلے ہی ملک میں چینی کی قلت شدید ہوگئی,"['رمضان المبارک', 'قلت', 'اسلام آباد']"
331,پیپلزپارٹی کے ارکان سندھ اسمبلی کے کراچی سے باہر جانے پر پابندی عائد,"['ووٹ', 'متحدہ مجلس عمل', 'کراچی', 'اسمبلی', 'سندھ', 'پاکستان', 'سینیٹ', 'الیکشن', 'عام انتخابات 2018']"
332,میٹرک کے طالبعلم نے دوسرے اسکول پر فائرنگ کر دی ، ایک طالبعلم جاں بحق ,"['جاں بحق', 'پولیس', 'فائرنگ', 'ایان علی']"
333, آپ کی وجہ سے حالات بہت خراب ہو رہے ہیں، نواز شریف کا مریم نواز سے شکوہ,"['میاں نواز شریف', 'ووٹ', 'حمزہ شہباز', 'مذاکرات', 'مسلم لیگ (ن)', 'پنجاب', 'جیل', 'آصف علی زرداری', 'چور', 'اسمبلی', 'پاکستان تحریک انصاف', 'احتجاج', 'مریم نواز شریف', 'سینیٹ', 'عام انتخابات 2018']"
334,روس میں کورونا وائرس سے متاثرہ افراد کی مجموعی تعداد42لاکھ34 ہزار720سے متجاوز,"['روس', 'کرونا وائرس']"
335,مسجد الحرام اور مسجد نبوی میں ہجوم کو منظم کرنے کے لیے نئے منصوبوں کا اعلان ہو گیا,"['سعودی', 'ڈاکٹر', 'خانہ کعبہ ', 'مکہ المکرمہ', 'حج']"
336,ضلعی انتظامیہ کامردان میں عارضی تجاوزات کے خلاف گرینڈ آپریشن,"['ٹریفک', 'پولیس', 'کاروبار', 'جرمانہ']"
337,معاون خصوصی برائے اقلیتی امور سے کیلاش کمیونٹی کے قاضیوں کے وفد کی ملاقات,"['صوبائی اسمبلی', 'اسمبلی', 'وزیراعظم', 'خیبرپختونخوا']"
338,این آر او نہ ملنے پر ملکی معیشت کو غیر مستحکم کرنے والوں کو شکست ہوگی ،خرم شیرزمان,"['کرپشن', 'چور', 'بلدیاتی انتخابات', 'صوبائی اسمبلی', 'سینیٹ', 'ووٹ', 'این آر او', 'میاں نواز شریف', 'سندھ', 'پاکستان تحریک انصاف', 'پاکستان', 'فیصل واوڈا', 'میرا', 'عام انتخابات 2018', 'کراچی', 'آصف علی زرداری', 'وزیراعظم', 'تعلیم', 'اسمبلی']"
339,نائیجریا کی ریاست نائجر میں اغوا کی گئیں سکول طالبات کو رہا کر دیا گیا,['اغوا']
340,بلامقابلہ سینیٹرز منتخب کروانے کیلئے آصف زرداری اور ن لیگی قیادت کو اعتماد میں لیا ,"['مسلم لیگ (ن)', 'پنجاب', 'الیکشن کمیشن', 'ڈاکٹر', 'آصف علی زرداری', 'چوہدری پرویز الٰہی', 'پاکستان تحریک انصاف', 'پاکستان', 'سینیٹ', 'الیکشن', 'سعدیہ عباسی', 'عام انتخابات 2018']"
341,’آپ سے بِنتی ہے ویڈیو ڈیلیٹ کریں‘ وہ وقت جب بھارتی اینکرز عوام سے ابھینندن کی ویڈیو ڈیلیٹ کرنے کی اپیل کرتے رہے ,"['بھارت', 'دنیا', 'سوشل میڈیا', 'فوج', 'ابھیندن', 'پاکستان']"
342,پاکستان، ڈائیلاگ سے کبھی کترایا نہیں ، امن کے لیے بھارتی پائلٹ ابھی نندن کو واپس کیا گیا،شاہ محمود ,"['بھارت', 'شاہ محمود قریشی', 'افغانستان', 'مسئلہ کشمیر', 'مقبوضہ کشمیر', 'سپریم کورٹ', 'دہشت گرد', 'دنیا', 'دفتر خارجہ', 'نقصان', 'ریکارڈ', 'الیکشن', 'قرارداد', 'اقوام متحدہ', 'پارلیمنٹ', 'پاکستان تحریک انصاف', 'ابھیندن', 'پاکستان', 'ہلاک', 'عام انتخابات 2018', 'حملہ', 'امریکہ', 'اسمبلی', 'عدالت', 'سول سوسائٹی']"
343,سعودی عرب کے سفیر سے چیئر مین ایف بی آر کی ملاقات ، ٹیکس اور کسٹمز کے شعبہ میں باہمی تعاون کا جائزہ لیا گیا,"['سعودی', 'سعودی عرب']"
344,رحمن ملک کا 27 فروری پر قوم کو مبارکباد اور مسلح افواج کو زبردست خراج تحسین,"['پیپلز پارٹی', 'بھارت', 'نریندرا مودی', 'وزیراعظم', 'فوج', 'پاکستان فضائیہ', 'رحمان ملک', 'پاکستان', 'الیکشن', 'عام انتخابات 2018']"
345,کووڈ ٹو کی لپیٹ میں آنے والے دٴْنیا بھر کے 92 ممالک میں پاکستان بھی شامل ,['پاکستان']
346,عدالتی حکم کے باوجود ایس ایچ او جمرود میراگھر مسمار کرر ہے ہیں،بادشاہ میر,"['جرگہ', 'نقصان', 'عدالت']"
347,صدر آزاد کشمیر کا سرحدوں کے نگہبانوں اور سمندروں کے پاسبانوں کی جرات، ہمت اور بہادری پر سلام ,"['بھارت', 'حملہ', 'کراچی', 'فوج', 'مسئلہ کشمیر', 'پاکستان فضائیہ', 'نقصان', 'مقبوضہ کشمیر', 'گوادر', 'پاکستان']"
348,صدر آزاد کشمیر سیاکاؤنٹنٹ جنرل عثمان جاوید لون اور ڈائریکٹر جنرل آڈٹ حسن رانا کی ملاقات,['مسئلہ کشمیر']
349,صدر آزاد کشمیرکا صدارتی سیکرٹریٹ کے بجٹ آفیسر سید امجد نقوی کے بڑے بھائی ودیگر سے اظہار تعزیت,"['مسئلہ کشمیر', 'بجٹ']"
350,پی ایس ایل 6، ملتان سلطانز کا کراچی کنگز کو کامیابی کے لیے 196 رنز کا ہدف,"['ملتان سلطانز', 'کھیل', 'کراچی', 'نقصان', 'پاکستان سپر لیگ', 'پاکستان', 'کراچی کنگز', 'ملتان']"
351,گرفتاری کے بعد بھارتی پائلٹ ابھی نندن اور پاک فوج کے جوانوں کے مابین کن جملوں کا تبادلہ ہوا؟,"['بھارت', ' پلوامہ حملہ', 'گاڑی', 'علاج', 'وزیراعظم', 'فوج', 'مسئلہ کشمیر', 'زخمی', 'پاکستان فضائیہ', 'پارلیمنٹ', 'مقبوضہ کشمیر', 'سڑک', 'ابھیندن', 'پاکستان', 'ہلاک', 'کار']"
352,ہم قبولیت سے زیادہ مقبولیت کے شیدائی کیوں بنتے جارہے ہیں؟,"['انٹرنیٹ', 'عید', 'موبائل']"
353,ڈپٹی کمشنر کا ڈی ایچ کیو ہسپتال کا دورہ،زیادتی کی شکار بچی کو مالی امداد کی فراہمی,"['علاج', 'عثمان بزدار', 'پنجاب']"
354,ڈی ایچ کیو ہسپتال میں سروس ایریا کا افتتاح کر دیا گیا,"['ریاض', 'ڈاکٹر']"
355,انٹر نیشنل سول ڈیفنس ڈے منانے کیلئے انتظامات مکمل کر لئے گئے ، سول ڈیفنس آفیسر,"['ریاض', 'پنجاب']"
356,مارچ کے مہینہ کے دوران ترشادہ پھلوں کے نئے پودے لگانے کا عمل مکمل کرنے کی ہدایت,['پانی']
357,سدابہار پودوں کی باقاعدہ شاخ تراشی پھل کی برداشت کے فوراً بعد کرنے کی ہدایت,"['نقصان', 'موسم']"
358,ن لیگی رہنماء حمزہ شہباز کوٹ لکھپت جیل سے رہا,"['لاہور ہائیکورٹ', 'میاں نواز شریف', 'جیل', 'لاہور', 'حمزہ شہباز', 'مسلم لیگ (ن)', 'پنجاب', 'سماعت', 'شہباز شریف', 'وزیراعلیٰ پنجاب', 'اسمبلی', 'مریم نواز شریف', 'پنجاب اسمبلی', 'عدالت']"
359,دینی تعلیم کے بغیر دنیاوی تعلیم نا مکمل ہے، ڈی ای او,"['دنیا', 'تعلیم', 'پاکستان', 'مسئلہ کشمیر', 'آزاد کشمیر']"
360,مکوآنہ ،عطائیت کیخلاف ایکشن ، 7 کلینکس، سٹورز ولیبز سیل ،کیس پنجاب ہیلتھ کیئر کمشن کو بھجوادیئے گئے,"['ڈاکٹر', 'پنجاب']"
361,مکوآنہ، گھریلو جھگڑوں سے دلبرداشتہ 4 خواتین سمیت 6 افراد کی زہریلی گولیاں کھا کر خودکشی کی کوشش ,"['ڈاکٹر', 'ارسلان']"
362,مکوآنہ، گھریلو حالات سے تنگ خاتون نے زہریلی گولیاں کھا کر خودکشی کر لی ،ٹریفک حادثات میں زخمی ہونیوالے 2 افراد ہسپتال میں چل بسے,"['ٹریفک', 'شادی', 'گاڑی', 'شادی شدہ', 'علاج', 'زخمی']"
363,مکوآنہ ، نوجوان نے خود کو گولی مار کر زندگی کا خاتمہ کر لیا,"['تھانہ', 'پولیس']"
364,فیصل آباد میں ڈاکو راج، دن دیہاڑے صنعتکار سے پر رونق علاقے میں موٹر سائیکل سوار ڈاکودس لاکھ چھین کر فرار,[]
365,کورونا وائرس کی صورتحال میں بہتری ، لاک ڈان میں لگائی گئیں تمام پابندیاں ختم,"['پنجاب', 'حکومت پنجاب', 'کار', 'درآمد', 'کرونا وائرس']"
366,پاک فضائیہ کے جانباز شاہینوں نے دشمن کو ہمیشہ ناکوں چنے چبوائے ہیں‘یاسمین راشد ,"['بھارت', 'نریندرا مودی', 'حملہ', 'فوج', 'پاکستان فضائیہ']"
367,وائس چانسلر پنجاب یونیورسٹی کا اسسٹنٹ پروفیسر ڈاکٹر اکرم سومرو کی والدہ کے انتقال پر اظہار افسوس,"['ڈاکٹر', 'پنجاب یونیورسٹی', 'پنجاب']"
368,سرگودھا ، ضلعی انتظامیہ نے192کنال قیمتی سرکاری اراضی قبضہ مافیا سے واگزار کرلی,['پولیس']
369,میٹرو پولیٹن کارپوریشن سرگودھا کاچوک بلاک 2 میں بھی باڑ لگا موٹرسائیکل اسٹینڈ بنانے کا فیصلہ ,['میٹرو']
370,لانگ مارچ کی تیاریاں عنقریب شروع ،ہوسکتا ہے اسکی ضرورت ہی پیش نہ آئے‘ مریم نواز,"['جیل', 'ووٹ', 'حمزہ شہباز', 'مسلم لیگ (ن)', 'پنجاب', 'الیکشن کمیشن', 'چور', 'اغوا', 'اسمبلی', 'پاکستان تحریک انصاف', 'مریم نواز شریف', 'پاکستان', 'سینیٹ', 'الیکشن', 'لانگ مارچ', 'عام انتخابات 2018']"
371,ضلع کچہری میں حراستی ملزمان کو کھانا کھانے سے روکنے پر ملزمان اور پولیس اہلکاروں کے درمیان ہاتھا پائی ,"['جیل', 'دھمکی', 'ڈکیتی', 'پولیس', 'عدالت', 'بارشیں']"
372,وزیر تعلیم ڈاکٹر مراد راس کا کورونا ٹیسٹ منفی آگیا,"['ڈاکٹر', 'کرونا وائرس', 'تعلیم']"
373,ڈاکٹر ماہا شاہ خوکشی کیس، چالان میں مزید انکشافات سامنے آ گئے,"['قتل', 'ڈاکٹر', 'کراچی', 'پولیس', 'منشیات', 'عدالت', 'کوکین', 'ریکارڈ']"
374,معاملہ فہمی میں چوہدری برادران کا کوئی ثانی نہیں۔ چوہدری اظہر، امتیاز احمد,"['سعودی', 'پنجاب', 'ریاض', 'سعودی عرب', 'چوہدری پرویز الٰہی', 'پاکستان', 'کار']"
375,امریکا کی افواج میں سفید فام انتہاپسندی فعال ہے.محکمہ دفاع کا اعتراف,"['حملہ', 'ڈونلڈ ٹرمپ', 'سوشل میڈیا', 'سماعت', 'فوج', 'امریکہ', 'پولیس', 'پینٹاگون', 'سینیٹ', 'واشنگٹن']"
376,دریائوں اور آبی ذخیروں میں پانی کی صورتحال,"['محمد علی جناح', 'پانی', 'سندھ', 'کابل']"
377,بہاولنگر،اندھے قتل کا ملزم گرفتار کرلیا گیا,"['تھانہ', 'قتل', 'جاں بحق', 'پولیس', 'احتجاج', 'پاکستان', 'فائرنگ']"
378,سینیٹ انتخابات‘ شہباز شریف کی لاہور میں ووٹ کاسٹ کرنے کی درخواست مسترد ,"['ووٹ', 'لاہور', 'مسلم لیگ (ن)', 'الیکشن کمیشن', 'قومی اسمبلی', 'شہباز شریف', 'اسمبلی', 'سینیٹ', 'الیکشن', 'عام انتخابات 2018']"
379,تحریک انصاف کی تبدیلی ملک و قوم کے لیے عذاب بن چکی ہے ‘محمد جاوید ,"['مہنگائی', 'پنجاب', 'جماعت اسلامی', 'پاکستان تحریک انصاف', 'پاکستان', 'کار']"
380,چیف سیکرٹری پنجاب کے حکم پر اسسٹنٹ کمشنر ڈسکہ کو معطل کر دیا گیا ,"['پنجاب', 'این اے75', 'قومی اسمبلی', 'اسمبلی', 'الیکشن', 'چیف الیکشن کمشنر', 'عام انتخابات 2018']"
381,کرغستان کی مارکیٹ پاکستانی تاجروں کے لیے کھلی ہے، کرغستان میں کی جانے والی سرمایہ کاری منافع بخش ہے‘ایرک بیشم بیو ,"['برآمدات', 'لاہور', 'پنجاب', 'مصباح الحق', 'ریاض', 'کراچی', 'ملک ریاض', 'گوادر', 'پاکستان', 'ڈالر', 'سی پیک', 'کرونا وائرس']"
382,خاشقجی قتل رپورٹ جاری ہونے کے بعد امریکہ نے 76 سعودیوں پر ویزہ پابندی عائد کر دی ,"['سعودی', 'دفتر خارجہ', 'قتل', 'جمال خشوگی', 'سعودی عرب', 'محمد بن سلمان آل سعود', 'امریکہ', 'عدالت', 'ترکی', 'سعودی شہری']"
383,سینیٹ الیکشن : سندھ سے پی ٹی آئی، ایم کیو ایم اور جی ڈی اے کا 5 نشستوں پر اتفاق,"['متحدہ قومی موومنٹ', 'سماعت', 'سندھ', 'پاکستان تحریک انصاف', 'ٹیکنالوجی', 'پاکستان', 'سینیٹ', 'عدالت', 'الیکشن', 'عام انتخابات 2018']"
384,محکمہ سیاحت خیبرپختونخوا سیاحوں کو پورے صوبے میں ہر ممکن سہولیات فراہم کرنے کیلئے پرعزم ہے،سیکرٹری محمد عابد مجید,"['موسم', 'ایف سی', 'موسیقی', 'خیبرپختونخوا', 'سوات']"
385,گاڑیوں کی چھت پر طلبا کو بٹھانے پر 20ڈرائیوروں پر جرمانے عائد,"['پشاور', 'ٹریفک', 'پولیس']"
386,آبی ذخائر میں پانی کی آمد اور اخراج,"['واپڈا', 'ڈیم', 'سندھ', 'ریکارڈ', 'پانی']"
387,گلوکار علی گل پیر کا نیا گانا ریلیز,[]
388,امن کی خواہش ہماری طاقت ہے، اسے کبھی بھی کمزوری نہ سمجھا جائے، صدر مملکت ڈاکٹر عارف علوی کا ٹویٹ,"['بھارت', 'عارف علوی', 'ڈاکٹر', 'پاکستان', 'مسئلہ کشمیر', 'صدر مملکت']"
389,”دُبئی میں کورونا ایس او پیز پر پابندی رمضان المبارک تک جاری رہے گی“,"['رمضان المبارک', 'متحدہ عرب امارات', 'تارکین', 'پولیس', 'ریکارڈ', 'درآمد', 'کرونا وائرس']"
390,شام میں امریکی فضائی حملوں پر ایران کی مذمت,"['ایران', 'حملہ', 'ڈونلڈ ٹرمپ', 'قتل', 'فوج', 'امریکہ', 'زخمی', 'اسلحہ', 'عراق', 'ہلاک']"
391,عراق میں حکومت مخالف مظاہرے، چار ہلاک,"['زخمی', 'احتجاج', 'عراق', 'ہلاک', 'فائرنگ']"
392,شام میں امریکی حملے غیر قانونی ہیں، ایران,"['ایران', 'فوج', 'امریکہ', 'عراق', 'ہلاک']"
393,بھارتی حکومت کی اپنے شہریوں کے ساتھ دھوکہ دہی،کچی آبادی کے مکینوں پر کوویڈ ویکسین کا تجربہ کرلیا,"['بھارت', 'دنیا', 'غریب', 'برما', 'امریکہ', 'عمان', 'کرونا وائرس']"
394,امریکی فوج میں نسل پرستی اور شدت پسندی پھیل گئی، وزارت دفاع رپورٹ,"['حملہ', 'امریکہ', 'فوج']"
395,خاشقجی قتل رپورٹ جاری ہونے کے بعد امریکا نے 76 سعودیوں پر ویزہ پابندی لگادی,"['سعودی', 'قتل', 'جمال خشوگی', 'محمد بن سلمان آل سعود', 'امریکہ', 'ترکی']"
396,سعودی عرب میں کرونا خطرات کے باعث پانچ مساجد بند،141کو کھول دیا گیا,"['سعودی', 'ٹوئٹر', 'وزارت مذہبی امور', 'سعودی عرب', 'کرونا وائرس']"
397,آپریشن سوئفٹ ریٹارٹ کے 2 سال،کسی بھی مہم جوئی پر ہمارا جواب مؤثر ہوگا، سربراہ پاک فضائیہ,"['ایئر چیف', 'بھارت', 'دنیا', 'حملہ', 'اقوام متحدہ', 'افغانستان', 'پاکستان فضائیہ', 'پاکستان', 'کرونا وائرس']"
398,حکومت میں شامل ارکانِ اسمبلی ہم سے رابطے میں ہیں، بلاول بھٹو زر داری ,"['پیپلز پارٹی', 'مہنگائی', 'کرپشن', 'طوفان', 'افغانستان', 'سینیٹ', 'سی پیک', 'لانگ مارچ', 'جمہوریت', 'ایف سی', 'فوج', 'الیکشن', 'ایم کے', 'حفیظ شیخ', 'پاکستان', 'عام انتخابات 2018', 'بلاول بھٹو زرداری', 'آصف علی زرداری', 'وزیراعظم', 'اسمبلی', 'یوسف رضا گیلانی']"
399,پیپلز پارٹی نے خیبر پختونخوا میں دو وکٹیں گرا لیں,"['پیپلز پارٹی', 'بلاول بھٹو زرداری', 'آصف علی زرداری', 'پاکستان', 'سینیٹ', 'عام انتخابات 2018']"
400,27فروری کو بھارت کو منہ توڑ جواب ،ابھی نندن کی چائے کے پاکستان کے کونے کونے میں چرچے، مختلف بورڈ آویزاں,"['بھارت', 'دنیا', 'سوشل میڈیا', 'فوج', 'ابھیندن', 'پاکستان']"
401,سندھ فٹ بال ایسوسی ایشن کے سابق جنرل سیکرٹری رحیم بخش بلوچ کی والدہ انتقال کرگئیں ,"['سندھ', 'پاکستان']"
402,ہیٹی میں دو سو سے زائد قیدی جیل توڑ کر فرار ہوگئے,"['ہلاک', 'جیل', 'پولیس']"
403,الیکشن کمیشن کے فیصلے کو ماننے سیانکاربھی نہیں کیا، وزیر اطلاعات ,"['الیکشن کمیشن', 'وزیر اطلاعات', 'عدالت', 'سینیٹ', 'الیکشن', 'عام انتخابات 2018']"
404,لاہور کو بچانے اور اس شہر میں نئی نسل کی زندگی کو محفو ظ بنانے کیلئے درخت لگانا ہونگے، ملک امین اسلم,"['لاہور', 'وزیراعظم', 'موسم']"
405,برطانوی میڈیا میری ذہنی صحت کو تباہ کر رہا ہے، شہزادہ ہیری,['برطانیہ']
406,ہماری امن کی خواہش کو کمزوری نہ سمجھا جائے‘ کسی بھی مس ایڈوینچر کی صورت میں ہمارا جواب فوری اور موثر ہوگا.ایئرمارشل مجاہدانور,"['ایئر چیف', 'بھارت', 'دنیا', 'حملہ', 'اقوام متحدہ', 'افغانستان', 'پاکستان فضائیہ', 'ابھیندن', 'پاکستان', 'کرونا وائرس', 'اسلام آباد']"
407,پی ایس ایل میچز پر بھارت میں سٹے بازی کا انکشاف,"['بھارت', 'پاکستان کرکٹ بورڈ', 'کراچی', 'کرکٹ', 'دبئی', 'پولیس', 'پاکستان سپر لیگ', 'پاکستان', 'کراچی کنگز']"
408,پنجاب میں سینیٹ الیکشن سےمتعلق کچھ نہ ہی کہوں تو بہتر ہے ، مریم نواز ,"['جیل', 'حمزہ شہباز', 'مسلم لیگ (ن)', 'چور', 'سینیٹ', 'سعدیہ عباسی', 'لانگ مارچ', 'ووٹ', 'الیکشن', 'لاہور', 'پنجاب', 'پاکستان تحریک انصاف', 'مریم نواز شریف', 'پاکستان', 'عام انتخابات 2018', 'الیکشن کمیشن', 'این اے75', 'ڈاکٹر', 'عرفان صدیقی']"
409,آج ہماری فتح کا دن ہے پاکستان نے کبھی امن سے ہٹ کر بات نہیں کی .شاہ محمود قریشی,"['بھارت', 'نریندرا مودی', 'وزیراعظم', 'شاہ محمود قریشی', 'افغانستان', 'پاکستان فضائیہ', 'مسئلہ کشمیر', 'مقبوضہ کشمیر', 'پاکستان']"
410,بھارتی کورونا ویکسین ‘مودی سرکار کی منظوری سے کچی آبادیوں میں دھوکا دہی سے کلینیکل تجربات کیئے گئے,"['بھارت', 'دنیا', 'غریب', 'نریندرا مودی', 'کمپنی', 'برما', 'امریکہ', 'عمان', 'ڈالر', 'کرونا وائرس']"
411,پاناما کےسابقہ صدر ریکارڈو مارٹینیلی کا طیارہ گوئٹے مالا میں پکڑا گیا,"['امریکہ', 'پانامہ کا ہنگامہ', 'منشیات', 'جیل']"
412,باغ ،پولیس کی کارروائی ،32 لاکھ روپے مالیت کی کاپر کوائل برآمد ،تین افراد گرفتار ,"['ڈرائیور', 'پولیس', 'گاڑی']"
413,چینی کی قیمت میں دوبارہ اضافہ ہونے پر اظہار تشویش کی قرارداد اسمبلی سیکرٹریٹ میں جمع ,"['مسلم لیگ (ن)', 'پنجاب', 'اسمبلی', 'پنجاب اسمبلی', 'قرارداد']"
414,لاہور کو کچرا فری سٹی بنانے کے مطالبے کی قرارداد پنجاب اسمبلی سیکرٹریٹ میں جمع ,"['لاہور', 'مسلم لیگ (ن)', 'پنجاب', 'اسمبلی', 'پنجاب اسمبلی', 'قرارداد']"
415,حمزہ شہباز کی رہائی کے موقع پر شریف خاندان کے افراد بھی کوٹ لکھپت جیل پہنچے ,"['جیل', 'حمزہ شہباز', 'پنجاب', 'شہباز شریف', 'اسمبلی', 'پنجاب اسمبلی']"
416,احتساب عدالت کے ڈیوٹی جج اکمل خان نے حمزہ شہباز کی روبکار جاری کی,"['جیل', 'حمزہ شہباز', 'عدالت']"
417,ایف آئی اے کا حمزہ شہباز کوگرفتارکرنے کی بجائے سمن کے ذریعے طلب کرنے کا فیصلہ ,"['جیل', 'حمزہ شہباز', 'پنجاب', 'ڈاکٹر', 'اسمبلی', 'پنجاب اسمبلی']"
418,ریلوے آفیسر سیلون پرائیویٹ سیکٹر کے تعاون سے چلانے کا فیصلہ ,"['اعظم سواتی', 'کرایہ', 'ریلوے']"
419,سرینگر، بھارتی فورسز اہلکاروں کطیرف سے تلاشی کی کارروائی، کھوجی کتوں ،ڈروں کیمروں کا استعمال,"['بھارت', 'مسئلہ کشمیر', 'مقبوضہ کشمیر', 'پولیس', 'ڈرون']"
420,بھارت نے مقبوضہ جموںوکشمیر میں اپنے مظالم میں تیزی لائی ہے، امتیاز وانی,"['بھارت', 'علاج', 'اقوام متحدہ', 'مسئلہ کشمیر', 'مقبوضہ کشمیر', 'شہید']"
421,ڈپٹی کمشنرکوٹلی کی زیرصدارت کوروناوائرس کے روک تھام کیلئے اجلاس ,"['پولیس', 'جرمانہ']"
422,ڈاکٹرمحمودالحسن راجہ کی طرف سے سابق ڈپٹی کمشنرڈاکٹرعمراعظم کے اعزازمیںظہرانے کا انعقاد، خدمات پر خراج تحسین پیش کیا,"['مسلم لیگ (ن)', 'پاکستان']"
423,دُبئی میں حواس باختہ بھارتی والدین نے پولیس کی دوڑیں لگوا دیں,"['بھارت', 'طالبہ', 'سوشل میڈیا', 'اغوا', 'نقصان', 'پولیس', 'موبائل']"
424,شعیب اختر کا شرجیل خان کو وزن کم کرنے کا مشورہ,"['کھیل', 'کراچی', 'پاکستان', 'کرکٹ', 'نقصان', 'پاکستان سپر لیگ', 'سنچری', 'کراچی کنگز']"
425,وزیراعظم کے بھانجے حسان نیازی کے ریسٹورانٹ میں جھگڑا، متعدد افراد زخمی ہو گئے,"['گاڑیاں', 'گاڑی', 'وزیراعظم', 'زخمی', 'پولیس', 'ڈرائیور', 'کار']"
426,پشاور میں خاتون نے ایمبولینس میں بچے کو جنم دے دیا ,['پشاور']
427,عرق: حکومت مخالف مظاہروں پر فائرنگ سے ہلاکتیں,"['کرونا وائرس', 'بجلی', 'زخمی', 'گورنر', 'پولیس', 'احتجاج', 'عراق', 'ہلاک', 'فائرنگ', 'پانی']"
428,سی پی اوراولپنڈی کاتبادلہ،خدمات کے پی کے حکومت کے حوالے,"['پولیس', 'پاکستان']"
429,تعداد نہیں پرعزم قوم کی ہمت اور حوصلہ ہی ہے جو فتح دیتی ہے،میجر جنرل افتخار بابر,"['فوج', 'آئی ایس پی آر', 'پاکستان فضائیہ', 'پاکستان']"
430,سینیٹ الیکشن، سندھ سے تحریک لبیک اور متحدہ مجلس عمل کے 4 ووٹ اہمیت اختیار کر گئے,"['پیپلز پارٹی', 'ووٹ', 'متحدہ مجلس عمل', 'ڈاکٹر', 'موبائل', 'کراچی', 'اسمبلی', 'سندھ', 'پاکستان تحریک انصاف', 'پاکستان', 'سینیٹ', 'الیکشن', 'خیبرپختونخوا', 'عام انتخابات 2018']"
431,پاکستانی حدود کی خلاف ورزی کرنے والے 17 بھارتی ماہی گیر گرفتار,"['بھارت', 'پولیس', 'پاکستان']"
432,موسمیاتی تبدیلیوں کی وجہ سے دنیا کی بڑی آبادی ذہنی دباﺅ کا شکار,"['دنیا', 'سیلاب', 'طوفان', 'کینیڈا', 'امریکہ', 'گرمی', 'کار']"
433,27 فروری پوری پاکستانی قوم کی سربلندی اور سرفرازی کا دن ہے، وزیر اطلاعات ,"['پاکستان فضائیہ', 'وزیر اطلاعات', 'پاکستان']"
434,مریم اورنگزیب کا حمزہ شہبازکی جیل سے رہائی پر اظہار تشکر ,"['جیل', 'مہنگائی', 'حمزہ شہباز', 'مسلم لیگ (ن)', 'سوئی گیس', 'کرپشن', 'ووٹ', 'بجلی', 'چور', 'مریم اورنگزیب', 'پاکستان']"
435,چیئر مین پاکستان یورپی یونین فرینڈ شپ فیڈریشن چوہدری پرویز اقبال لوسر کی شاہ محمود قریشی سے ملاقات ، دوطرفہ تعلقات پرگفتگو ,"['یورپی یونین', 'دنیا', 'شاہ محمود قریشی', 'پاکستان', 'کرونا وائرس']"
436,موسم بہار کی آمد کیساتھ ہی پی آئی اے نے اندرون ملک خصوصی کرائے متعارف کرودیئے ,"['لاہور', 'کرایہ', 'کراچی', 'موسم']"
437,آپریشن سوئفٹ ریٹارٹ؛ اسلام آباد میں پاک فضائیہ کے طیاروں کا فلائی پاسٹ,"['ایئر چیف', 'بھارت', 'دنیا', 'نریندرا مودی', 'پاکستان فضائیہ', 'پاکستان']"
438,ملک بھر کے یوٹیلٹی اسٹورز پر گزشتہ 2 روز سے چینی غائب ہوگئی، پھر بحران کا خدشہ ,"['رمضان المبارک', 'قلت']"
439,الیکشن کمیشن کاشہباز شریف کو لاہور میں سینیٹ انتخابات کے لئے ووٹ کاسٹ کرنے کی سہولت نہ دینے کا فیصلہ,"['ووٹ', 'لاہور', 'الیکشن کمیشن', 'قومی اسمبلی', 'پارلیمنٹ', 'شہباز شریف', 'اسمبلی', 'سینیٹ', 'الیکشن', 'عام انتخابات 2018']"
440,کورونا کے فعال مریضوں کی تعداد گھٹ کر 21554 رہ گئی,"['پنجاب', 'بلوچستان', 'مسئلہ کشمیر', 'جاں بحق', 'سندھ', 'کرونا وائرس']"
441,بالائی علاقوں میں بارش اور برفباری، نظام زندگی متاثر,"['بارشیں', 'بجلی', 'موسم']"
442,ڈینیل پرل کیس،عمر شیخ کی رہائی روکنے کیلیے دائر اپیلیں سماعت کیلئے مقرر، سماعت دو مارچ کو ہوگی ،تمام فریقین نوٹس جاری ,"['سپریم کورٹ', 'سندھ', 'سماعت', 'عدالت']"
443,جمال خشوگی قتل:سعودی عرب نے امریکی رپورٹ مسترد کردی,"['یمن', 'ڈونلڈ ٹرمپ', 'ریاض', 'قتل', 'قطر', 'ترکی', 'چین', 'نقصان', 'روس', 'اسلحہ', 'سعودی', 'افریقہ', 'محمد بن سلمان آل سعود', 'ہلاک', 'ماسکو', 'متحدہ عرب امارات', 'جمال خشوگی', 'سعودی عرب', 'امریکہ', 'عدالت']"
444,پی ایس ایل 6، کراچی کنگز کا ملتان سلطانز کیخلاف ٹاس جیت کرفیلڈنگ کا فیصلہ,"['پی سی بی', 'نیوزی لینڈ', 'پاکستان سپر لیگ', 'پشاور زلمی', 'پشاور', 'ملتان', 'لاہور', 'اسلام آباد یونائیٹڈ', 'پاکستان کرکٹ بورڈ', 'رمیز راجہ', 'کوئٹہ', 'پاکستان', 'کراچی کنگز', 'لاہور قلندرز', 'ملتان سلطانز', 'کراچی', 'کرکٹ', 'کوئٹہ گلیڈی ایٹرز', 'اسلام آباد']"
445,سکھر: سیکیورٹی اداروں کا کامیاب آپریشن، کالعدم ٹی ٹی پی کے 2 دہشت گرد ہلاک,"['فائرنگ', 'جنوبی وزیرستان', 'آئی ایس پی آر', 'فوج', 'شاہ محمود قریشی', 'سندھ', 'پولیس', 'موبائل', 'ہلاک', 'دہشت گرد', 'شہید']"
446,رمضان سے قبل ہی ملک میں چینی کی قلت شدید ہو گئی,['قلت']
447,سنو سپورٹس کلچرل فیسٹیول گپین جبہ سوات سائیکلنگ ریس کل شروع ہوگی ,"['وزیر اعلیٰ', 'سوئی گیس', 'کمپنی', 'سائیکلنگ', 'خیبرپختونخوا', 'سوات']"
448,قومی فٹ بال ٹیم کے سابق کپتان کرنل محمد نعمان کی خالد محمود کی وفات پر اظہار تعزیت ,[]
449,عمر اکمل کو جلد فیلڈ میں کھیلتا دیکھنے کے منتظر ہیں، کامران اکمل ,"['ٹوئٹر', 'پی سی بی', 'پاکستان کرکٹ بورڈ', 'جرمانہ', 'کرکٹ', 'عدالت', 'پاکستان']"
450,کوئٹہ کیخلاف پلان میں کامیاب رہے، حیدر علی,"['بھارت', 'بنوں', 'کار', 'کوئٹہ', 'پاکستان سپر لیگ', 'پاکستان', 'پشاور', 'کوئٹہ گلیڈی ایٹرز', 'پشاور زلمی', 'میرا']"
451,پاکستان نیٹ بال فیڈریشن کے زیراہتمام کراچی نیٹ بال کپ 3 مارچ سے شروع ہو گا,"['کراچی', 'پاکستان']"
452,قومی ویمن تھروبال چمپئن شپ روواں سال اپریل میں کھیلی جائے گی,"['پنجاب', 'پاکستان', 'بلوچستان', 'سندھ', 'خیبرپختونخوا']"
453,آل پاکستان انٹر بورڈ والی بال چمپئن شپ 8 مارچ سے بنوں میں شروع ہوگی,"['بنوں', 'پاکستان']"
454,کراچی،نیوکراچی سندھ گورنمنٹ اسپتال سے مسجدامام کی بیٹی کے مبینہ اغواکامعاملہ، 10روزبعدمغویہ بچی بازیاب ,"['سندھ', 'پولیس']"
455,پولیس نے مختلف علاقوں میں کارروائیاں کرکے ڈکیت اور منشیات فروش بہنوں سمیت32ملزمان کوگرفتارکرکے اسلحہ،منشیات اور موٹرسائیکلیں برآمد کرلیں,"['بنگلہ دیش', 'ریاض', 'کراچی', 'منشیات', 'پولیس', 'اسلحہ', 'موبائل']"
456,کوئٹہ کے بالرز اچھا پرفارم نہیں کر پارہے، ہیڈ کوچ معین خان,"['کھیل', 'معین خان', 'کوئٹہ', 'پاکستان سپر لیگ', 'پاکستان', 'پشاور', 'کوئٹہ گلیڈی ایٹرز', 'پشاور زلمی']"
457,کراچی،گزری سے بازیاب ہونے والے غیر ملکی باشندوں کی گمشدگی میں ایس ایچ او اور ایس آئی او ڈیفنس ملوث نکلے، دونوں کو گرفتارکرلیاگیا,"['پولیس', 'کراچی', 'اغوا']"
458,کراچی،مچھر کالونی میں گھر سے نوجوان کی پھندا لگ لگی لاش برآمد,"['کراچی', 'زخمی', 'پولیس', 'عبدالستار ایدھی', 'فائرنگ']"
459,وفاقی حکومت کی روٹیشن پالیسی کے تحت،ایف آئی اے سندھ اور سندھ پولیس میں تعینات 6 ڈی آئی جیز کا صوبے سے تبادلہ کر دیا گیا,"['ٹریفک', 'سندھ', 'پولیس', 'پنجاب']"
460,کراچی بلدیہ کی ٹک ٹاکر لڑکی نے لاڑکانہ کے نوجوان سے پسند کی شادی کرلی,"['شادی', 'سندھ', 'کراچی', 'عدالت']"
461,حلیم عادل شیخ کی حراست کے دوران سانپ کامعاملہ شواہد کی عدم دستیابی کے باعث تحقیقات کا دائرہ وسیع نہ ہوسکا ,"['کراچی', 'اسمبلی', 'پاکستان تحریک انصاف', 'سندھ', 'پولیس']"
462,کم عمر موٹر سائیکل چوروں کے پکڑے جانے کی ویڈیو سوشل میڈیا پر وائرل,"['پولیس', 'سوشل میڈیا', 'چور']"
463,کراچی،لانڈھی سے تشدد زدہ ایک شخص کی لاش برآمد ہے،موسی لین میں ڈاکوئوں نے نوجوان کو گولی مار دی,"['محمد علی جناح', 'زخمی', 'پولیس', 'فائرنگ', 'شہید']"
464,کراچی، فش ہاربر کے قریب کنٹینر میں گیس بھر جانے سے 7 مزدور بیہوش ہوگئے,"['پولیس', 'سوئی گیس']"
465,,[]
466,سعودی عرب نے خاشقجی کے قتل پر امریکی رپورٹ مسترد کر دی,"['سعودی', 'دنیا', 'ریاض', 'قتل', 'اقوام متحدہ', 'سعودی عرب', 'محمد بن سلمان آل سعود', 'امریکہ', 'جمال خشوگی', 'عدالت', 'واشنگٹن']"
467,سرمایہ کاری میں کمی اور مہنگائی اضافہ سلیکٹیڈ حکمرانوں کی نااہلی کا منہ بولتا ثبوت ہے۔ جام اکرام اللہ دھاریجو,"['مہنگائی', 'برآمدات', 'غریب', 'سوئی گیس', 'بجلی', 'چین', 'آٹا', 'کار']"
468,پانچ ماہ گزر گئے، کراچی کی تعمیر و ترقی کا وزیراعظم عمران خان کا وعدہ پورا نہ ہو سکا,"['وزیراعظم', 'کراچی', 'اسمبلی', 'سڑک', 'صوبائی اسمبلی', 'پانی']"
469,سندھ میں 5سال گزرنے کے باوجود سینئر سٹیزنز ایکٹ نافذ نہ ہوسکا,"['علاج', 'اسمبلی', 'سندھ', 'پاکستان']"
470,پی آئی اے نے موسم بہار کی آمد پر اندرون ملک سفر کرنے والوں کیلئے خصوصی کرائے متعارف کرادیئے ,"['پی آئی اے', 'کرایہ', 'کراچی', 'موسم']"
471,منہاج یوتھ لیگ کی کانفرنس عسکری پارک میں ہو گی,"['وکلا', 'طاہر القادری', 'ڈاکٹر', 'کراچی', 'فاروق ستار', 'شوبز', 'پاکستان عوامی تحریک', 'پاکستان', 'سول سوسائٹی']"
472,پلاسٹک کے باریک ذرات خطرناک جسمانی آلودگی کا باعث ہیں، تحقیق,"['نقصان', 'پانی']"
473,ملت کشمیر ہیومن رائٹس آرگنائزیشن کی جانب سے نیلم ویلی کے نوجوان صحافی حیات اعوان کے اعزاز میں عشائیہ ,"['مسئلہ کشمیر', 'کراچی']"
474,شیخوپورہ میں پانچ سالہ بچے کو مبینہ زیادتی کے بعد قتل کر دیا گیا ,"['سینیٹ', 'قتل', 'پولیس', 'حادثہ']"
475,بکیز کی آفر کے بارے میں چیئرمین کو بتانے گیا، ملاقات نہیں ہوسکی تھی: عمراکمل,"['پی سی بی', 'کرپشن', 'پاکستان کرکٹ بورڈ', 'جرمانہ', 'کرکٹ', 'پاکستان سپر لیگ', 'عدالت', 'میرا']"
476,حکومتی اتحادی ہم سے رابطے میں ہیں، سینیٹ الیکشن میں ٹف ٹائم دیں گے : بلاول بھٹو زرداری ,"['پیپلز پارٹی', 'کرپشن', 'طوفان', 'افغانستان', 'سی پیک', 'لانگ مارچ', 'جمہوریت', 'ایف سی', 'بلوچستان', 'چین', 'الیکشن', 'غریب', 'پاکستان تحریک انصاف', 'پاکستان', 'جلسہ', 'عام انتخابات 2018', 'بلاول بھٹو زرداری', 'آصف علی زرداری', 'اسمبلی', 'یوسف رضا گیلانی', 'اسلام آباد']"
477,دُبئی میں بھارتی باشندے نے 15 سالہ بچی کو جنسی ہراسگی کا نشانہ بنا ڈالا,"['بھارت', 'متحدہ عرب امارات', 'سماعت', 'پولیس', 'عدالت']"
478,اب تک یورپی براعظم کی صرف آٹھ فیصد آبادی کو ویکسین لگائی گئی،سربراہ کمیشن,"['برطانیہ', 'قلت', 'یورپی یونین', 'کمپنی', 'یورپ', 'کرونا وائرس']"
479,مشرقِ وسطی میں دو امریکی بحری جہازوں میں کورونا پھیلنے کی تصدیق ,"['دنیا', 'کرونا وائرس', 'فوج', 'امریکہ', 'تیل']"
480,عراق کی شام میں کارروائی کے لیے امریکا سے معلومات کے تبادلے کی تردید,"['وزیر دفاع', 'داعش', 'فوج', 'امریکہ', 'عراق']"
481,انڈونیشیا میں ضبط ایران اور پاناما کے جہازوں پر جرائم میں ملوث ہونے کا الزام,"['ایران', 'پانامہ کا ہنگامہ', 'چین', 'تیل', 'پانی']"
482,نائیجیریا میں 317 طالبات کا اغوا، سرچ اور ریسکیو آپریشن شروع,"['اغوا', 'پولیس', 'فوج']"
483,سعودی ولی عہد کے حکم پر صحافی خاشقجی کا قتل ہوا،امریکی انٹیلی جنس ,"['سعودی', 'یمن', 'شادی', 'قتل', 'اقوام متحدہ', 'سعودی عرب', 'جمال خشوگی', 'امریکہ', 'ترکی']"
484,برطانوی فرم کاترکی میں اپنے 40 فی صد حصص فروخت کرنے کا فیصلہ ,"['برطانیہ', 'کمپنی', 'ترکی', 'ڈالر', 'بنک', 'کرونا وائرس', 'کاروبار']"
485,خلیج عمان میں بحری جہاز کے اندر دھماکا: سیکیورٹی ایجنسی کا ایران پر الزام,"['ایران', 'برطانیہ', 'ٹریفک', 'کمپنی', 'فوج', 'امریکہ', 'عمان']"
486,جوہری توانائی ایجنسی کے ساتھ معاہدہ ختم کرنے کی ایرانی دھمکی,"['ایران', 'برطانیہ', 'جرمنی', 'دھمکی', 'فرانس', 'قرارداد']"
487,جمال خاشقجی قتل، سعودی عرب نے امریکی رپورٹ مسترد کر دی,"['سعودی', 'دفتر خارجہ', 'قتل', 'جمال خشوگی', 'سعودی عرب', 'امریکہ', 'سعودی شہری']"
488,حفیظ شیخ کی کامیابی کے لیے حکومت نے 20 سے زائد اپوزیشن ارکان سے حمایت مانگی,"['پیپلز پارٹی', 'مسلم لیگ (ن)', 'شیری رحمان', 'بلوچستان', 'خیبرپختونخوا', 'الیکشن', 'وزیر قانون', 'اقلیت', 'سندھ', 'پاکستان تحریک انصاف', 'حفیظ شیخ', 'پاکستان', 'فیصل واوڈا', 'اے این پی', 'عام انتخابات 2018', 'متحدہ قومی موومنٹ', 'الیکشن کمیشن', 'جماعت اسلامی', 'ڈاکٹر', 'اسمبلی', 'یوسف رضا گیلانی']"
489,تائیوان میں سالانہ آتشبازی میلے کا انعقاد,"['زخمی', 'کرونا وائرس']"
490,لگتا ہے آپ سب سوئے ہوئے ہو، وزیراعظم کا تالیاں نہ بجانے پر شکوہ,"['مہنگائی', 'مذاکرات', 'سوشل میڈیا', 'وزیراعظم', 'قطر', 'پاکستان', 'ڈالر']"
491,”مجھے پتہ ہے کہ آپ محنت مشقت کرتے ہو مگر میں آپ کو کسی کا محتاج نہیں ہونے دوں گا، آپ مجھ سے خفا نہ ہوں“,"['بیوی', 'خود کشی', 'پارلیمنٹ', 'موبائل', 'میرا']"
492,کسی کوناجائزمنافع خوری کی اجازت نہیں دی جائیگی،اے سی خار,[]
493,فواد چوہدری نے آپریشن سوئفٹ ریٹارٹ پر کتاب لکھنے کا عندیہ دے دیا ,"['پاک افواج', 'بھارت', 'دنیا', 'نریندرا مودی', 'فواد چوہدری', 'وزیراعظم', 'اقوام متحدہ', 'لائن آف کنٹرول', 'ٹیکنالوجی', 'پاکستان']"
494,محکمہ امورنوجوانان کے زیراہتمام مالاکنڈ میں تعلیم وتربیت کے موضوع پردوروزہ ورکشاپ کاانعقاد,"['دنیا', 'ڈاکٹر', 'تعلیم']"
495,علیزے شاہ میک اپ کے بجائے اداکاری پہ توجہ دیں، اداکار آغا علی,[]
496,عراق میں مظاہرین اور سکیورٹی فورسز میں جھڑپیں ،5ہلاک 175زخمی,"['حملہ', 'زخمی', 'گورنر', 'عراق', 'ہلاک', 'فائرنگ']"
497, ڈسکہ میں لڑ مر گئے، سینیٹ میں اکٹھے ہو گئے,"['پیپلز پارٹی', 'ووٹ', 'مسلم لیگ (ن)', 'پنجاب', 'جمہوریت', 'عثمان بزدار', 'ارشاد بھٹی', 'مسئلہ کشمیر', 'پاکستان تحریک انصاف', 'سینیٹ', 'الیکشن', 'کرونا وائرس', 'عام انتخابات 2018']"
498,مقبوضہ کشمیر، ہائیکورٹ نے 10افراد پر لاگو کالا قانون’’پی ایس اے‘‘ کالعدم قرار دیدیا,"['مسئلہ کشمیر', 'بھارت', 'عدالت']"
499,بھارتی جموںوکشمیر، پولیس نے پانچ نوجوان گرفتار کرلئے,"['بھارت', 'پولیس']"
500,اقوام متحدہ کی ہائی کمشنر برائے انسانی حقوق کا مقبوضہ جموںوکشمیر کی بگڑتی صورتحال پر اظہار تشویش,"['بھارت', 'انٹرنیٹ', 'سوشل میڈیا', 'اقوام متحدہ', 'تعلیم', 'مسئلہ کشمیر', 'سول سوسائٹی', 'کاروبار']"
501,باغ دھیرکوٹ پولیس کی کارروائی ،84 بوتل شراب ،دو کلو چرس برآمد ،ملزم گرفتار کرلیا ,"['تھانہ', 'پولیس', 'منشیات']"
502,فروری سرپرائز ڈے پر افواج پاکستان سے اظہار یکجہتی کیلئے جہلم ویلی میں تقریب کا انعقاد,"['بھارت', 'دنیا', 'نریندرا مودی', 'حملہ', 'ریاض', 'فوج', 'مسئلہ کشمیر', 'پاکستان فضائیہ', 'پاکستان', 'جنرل قمر جاوید باجوہ']"
503,ایف بی آر میں بلا تاخیر ایمر جنسی کی طرز پر اصلاحات کی پالیسی نا گزیر ہے ‘ریو نیو ایڈوائزرز ایسوسی ایشن,"['فیصل آباد', 'چور', 'بجٹ', 'ایف بی آر', 'کاروبار']"
504,اسٹیٹ بینک کئی دہائیوں سے برآمدات کرنے والے برآمد کنندگان کی ساکھ کومد نظر رکھے ‘ پرویز حنیف,"['قلت', 'برآمدات', 'بجٹ', 'پاکستان', 'کاروبار']"
505,برائلر گوشت اور فارمی انڈوںکے نرخ,[]
506,مسلم لیگ ن کو 9 کے قریب حکومتی ارکان قومی اسمبلی کی فہرست دی گئی,"['ووٹ', 'لاہور', 'حمزہ شہباز', 'مسلم لیگ (ن)', 'قومی اسمبلی', 'وزیراعظم', 'یوسف رضا گیلانی', 'اسمبلی', 'پاکستان تحریک انصاف', 'مریم نواز شریف', 'سپریم کورٹ', 'عدالت', 'سینیٹ', 'جہانگیر خان ترین', 'الیکشن', 'عام انتخابات 2018']"
507,پی آئی اے نے موسم بہار پر سیرو سیاحت کے شوقین افراد کیلئے کرایوں میں نمایاں کمی کردی ,"['لاہور', 'پنجاب', 'موسم', 'کرونا وائرس', 'کراچی', 'پی آئی اے', 'پاکستان', 'کرایہ', 'اسلام آباد']"
508,راشد خان کی جگہ سندیپ لمیچانے لاہور قلندرز کے سکواڈ میں شامل,"['لاہور قلندرز', 'لاہور', 'ٹی ٹونٹی', 'افغانستان', 'کوئٹہ', 'پاکستان سپر لیگ', 'پاکستان', 'پشاور', 'کوئٹہ گلیڈی ایٹرز', 'پشاور زلمی']"
509,دائودخیل،زمین کے تنازع پر دو افراد قتل ،ایک شدید زخمی ہوگیا,"['تھانہ', 'قتل', 'جاں بحق', 'زخمی', 'پولیس', 'فائرنگ']"
510,اپوزیشن نے وزیر اعظم عمران خان کے بغض میں ’’میں نہ مانوں ‘‘کی رٹ لگا رکھی ہے ‘ ہمایوں اختر خان,"['مذاکرات', 'برآمدات', 'پاکستان تحریک انصاف', 'قطر', 'پاکستان', 'ڈالر', 'ریکارڈ', 'کرونا وائرس']"
511,ان لینڈ ریو نیو سروس کے 34افسران کو گریڈ 20 اور21میں ترقی دیدی گئی ‘ نوٹیفکیشن جاری ,"['ڈاکٹر', 'شہید']"
512,حکومت نے سوشل سیکورٹی کے جرمانے کے بغیر واجبات کی ادائیگی کیلئے تیس جون 2021 تک ایمنسٹی سکیم متعارف کروائی ہے،ڈاکٹر احمد جاوید قاضی ,"['پنجاب', 'ڈاکٹر', 'جرمانہ', 'پاکستان', 'کار', 'کاروبار']"
513,سرگودھا ،سنگین نوعیت کے مقدمات میں مطلوب اشتہاریوں کیخلاف مہم جاری ,"['تھانہ', 'ڈکیتی', 'قتل', 'پولیس', 'ٹیکنالوجی', 'اسلحہ', 'شہید']"
514,سیاستدان عوام کی خدمت کرتے ہیں انہیں تنگ نہیں کرتے ، چودھری محمد ریاض,"['غداری', 'میاں نواز شریف', 'مہنگائی', 'دنیا', 'مسلم لیگ (ن)', 'ووٹ', 'کرپشن', 'پنجاب', 'جیل', 'کلثوم نواز شریف', 'ریاض', 'پاکستان']"
515,کمشنر سرگودھا کی زیر صدارت ڈویڑنل ڈویلپمنٹ کمیٹی ‘ ورکنگ پارٹی اور شوگر سیس کمیٹیوں کااجلاس,"['ڈاکٹر', 'سڑک']"
516,مکوانہ، منشیات فروش گرفتار لاکھوں روپے مالیت کی منشیات برآمد ،مقدمہ درج ,"['تھانہ', 'منشیات']"
517,مکوآنہ ،محکمہ سول ڈیفنس کی کارروائی، غیر قانونی پٹرول ڈیزل فروخت کرنے پر مقدمہ درج ,"['تھانہ', 'پیٹرول']"
518,شریفوں نے منی لانڈرنگ اور کک بیکس جیسے نا سور کی آبیاری کی ' جنید حیدر طارق,"['ووٹ', 'لاہور', 'کرپشن', 'جمہوریت', 'پاکستان تحریک انصاف', 'پاکستان', 'بنک', 'کاروبار', 'عام انتخابات 2018']"
519,کرپشن کے میوزیکل چیئرکا کھیل بند کراناوزیر اعظم کی سب سے بڑی کامیابی ہے ‘ مسرت جمشید چیمہ,"['مسلم لیگ (ن)', 'کرپشن', 'پنجاب', 'کھیل', 'سماعت', 'شہباز شریف', 'بلدیاتی انتخابات', 'مریم نواز شریف', 'عدالت', 'پانی', 'عام انتخابات 2018']"
520,پاکستان امن کیلئے کھڑا ہے، للکارا گیا تو پوری قوت سے جواب دیں گے، ترجمان پاک فوج کا واضح پیغام ,"['ٹوئٹر', 'بھارت', 'دنیا', 'فوج', 'پارلیمنٹ', 'پاکستان فضائیہ', 'ابھیندن', 'پاکستان', 'آئی ایس پی آر']"
521,وزیرِ اعظم عمران خان کا کنٹرول لائن پر جنگ بندی کا خیر مقدم ,"['ٹوئٹر', 'بھارت', 'دنیا', 'کنٹرول لائن', 'پاکستان']"
522,فروری کی 27تاریخ پاکستان کے ناقابل تسخیر دفاع کی روشن مثال ہے ،عمر ایوب ,"['فوج', 'دنیا', 'پاکستان فضائیہ', 'پاکستان']"
523,ایل او سی پر جنگ بندی معاہدے کی بحالی مثبت پیشرفت ہے،علی امین گنڈاپور ,"['بھارت', 'وزیراعظم', 'مسئلہ کشمیر', 'پاکستان فضائیہ', 'پاکستان']"
524,سکھر ، سی ٹی ڈی کی کارروائی ، کالعدم تنظیم کے دو دہشتگرد مارے گئے ,"['شاہ محمود قریشی', 'زخمی', 'تحریک طالبان پاکستان', 'پاکستان', 'ہلاک', 'دہشت گرد', 'طالبان', 'فائرنگ']"
525,کوٹری سے تحریکِ طالبان کا مبینہ دہشت گرد گرفتار، اسلحہ بر آمد ,"['فائرنگ', 'رینجرز', 'ایف سی', 'گاڑی', 'قتل', 'سوات', 'پولیس', 'اسلحہ', 'پشاور', 'طالبان', 'دہشت گرد', 'خاصہ دار فورس']"
526,الیکشن کمیشن کے فیصلے کے بعد اسسٹنٹ کمشنر ڈسکہ کو معطل کر دیا گیا,"['الیکشن کمیشن', 'این اے75', 'پولیس', 'الیکشن', 'عام انتخابات 2018']"
527,27فروری ،گرنے کے بعد مجھے پاکستان آرمی نے لوگوں سے بچایا ،ابھی نندن ,"['بھارت', 'فوج', 'مسئلہ کشمیر', 'زخمی', 'پاکستان فضائیہ', 'ابھیندن', 'پاکستان']"
528,ایف بی آر نے رواں مالی سال 8 ماہ کا ریونیو ہدف حاصل کرلیا,"['مہنگائی', 'بجٹ']"
529,وفاقی حکومت کا یکم مارچ سے اسلام آباد میں پولی تھین بیگزپردوبارہ پابندی عائد کرنے کا فیصلہ ,"['جرمانہ', 'وزیراعظم', 'پاکستان']"
530,غیر ملکی باشندوں کی گمشدگی میں پولیس افسران ملوث نکلے,"['جیل', 'پولیس', 'کراچی', 'اغوا']"
531,امارات میں مقیم بے روزگار پاکستانیوں کے لیے پُرکشش تنخواہوں پر ملازمت کا شاندار موقع ,"['سوئی گیس', 'کمپنی', 'شارجہ', 'متحدہ عرب امارات', 'تعلیم', 'تارکین', 'پولیس', 'ٹیکنالوجی', 'ملازمت', 'موبائل', 'سی این جی', 'کرونا وائرس']"
532,بہن کی پسند کی شادی کا بدلہ، بھائی نے بہنوئی کی بہن کو زیادتی کا نشانہ بنا دیا,"['شادی', 'پولیس', 'کراچی', 'اغوا']"
533,سی سی پی او لاہور غلام محمود ڈوگر کی ہدایت پر صوبائی دارلحکومت لاہور میں آج پھر کھلی کچہریاں منعقد کی گئیں,"['تھانہ', 'لاہور', 'چور', 'پولیس', 'منشیات', 'ریلوے']"
534,کرپشن اور بدعنوانی کرنے والوں کے وکیل صفائی نہیں بن سکتے: حافظ حسین احمد,"['آزادی مارچ', 'مذاکرات', 'کرپشن', 'جمعیت', 'ایم کے', 'بجٹ', 'پاکستان']"
535,متحدہ عرب امارات میں مساجد جانے والوں کے لیے نئی گائیڈ لائنز جاری ہو گئیں,"['تارکین', 'کرونا وائرس']"
536,بھارت کی غیرقانونی عاقبت نااندیش عسکری مہم جوئی پرہماری جوابی کارروائی کو 2 برس مکمل ہونےپرمیں قوم کو مبارکباد اور اپنی افواج کو سلام پیش کرتا ہوں،وزیر اعظم عمران خان,"['مسئلہ کشمیر', 'بھارت', 'دنیا', 'پاکستان']"
537,27 فروری پوری پاکستانی قوم کی سربلندی اور سرفرازی کا دن ہے، پاک فضائیہ کے شاہینوں نے پوری قوم کا سر فخر سے بلند کیا ،سینیٹر شبلی فراز,"['پاکستان فضائیہ', 'وزیر اطلاعات', 'پاکستان']"
538,یوراگوئے کے صدر کا کووڈ۔ 19 ویکسین کی فراہمی پر چین کا شکریہ,"['چین', 'پولیس', 'کمپنی']"
539,محمد حفیظ کو سی کیٹگری کی پیشکش کرنا صریح ناانصافی ہے :معین خان,"['لاہور قلندرز', 'لاہور', 'پی سی بی', 'افریقہ', 'پاکستان کرکٹ بورڈ', 'کھیل', 'معین خان', 'کوئٹہ', 'پاکستان سپر لیگ', 'پاکستان', 'کوئٹہ گلیڈی ایٹرز']"
540,ملک بھر سے سیاحوں کی آمد خوش آئندہے،سیکرٹری محمد عابد مجید,"['موسم', 'ایف سی', 'موسیقی', 'خیبرپختونخوا', 'سوات']"
541, انگین التان کے ساتھ فراڈ کرنے والا ملزم کاشف ضمیر نئی مشکل میں پھنس گیا,"['ترکی', 'لاہور', 'گاڑی', 'علاج', 'ڈاکٹر', 'سوشل میڈیا', 'ارطغرل غازی', 'زخمی', 'پولیس', 'اغوا', 'ڈالر']"
542,آرٹس کونسل آف پاکستان کراچی کے زیرِ اہتمام سالگرہ مشاعرے کا انعقاد ،مشاعرے میں فروری کے مہینے میں پیدا ہونے والے شعراءکرام کی شرکت,"['ڈاکٹر', 'کراچی', 'پاکستان']"
543,ہسپتال کے بورڈ آف گورنر اور انتظامیہ نے خیبر ٹیچنگ ہسپتال آنے والے مریضوں کے لئے نیا منصوبہ بنایا,"['کار', 'گورنر', 'ڈاکٹر', 'ارسلان']"
544,27 فروری 2019ء پاکستانی افواج کے تجدید عہد کا دن ہے,"['بھارت', 'آئی ایس پی آر', ' پلوامہ حملہ', 'علاج', 'وزیراعظم', 'فوج', 'مسئلہ کشمیر', 'پاکستان فضائیہ', 'پارلیمنٹ', 'مقبوضہ کشمیر', 'ابھیندن', 'پاکستان', 'ہلاک', 'کار']"
545,کرونا وائرس نے غذائی قلت کو نئی بلندیوں تک پہنچا دیا ہے: میاں زاہد حسین,"['قلت', 'دنیا', 'کراچی', 'بجلی', 'تعلیم', 'نقصان', 'پاکستان', 'میٹرو', 'کرونا وائرس']"
546,ریتھک روشن کو ممبئی کرائم برانچ نے طلب کرلیا,"['ریکارڈ', 'فلم', 'ممبئی']"
547,بالی ووڈ اداکارہ پریا پرکاش فلم کی شوٹنگ کے دوران زمین پر گر پڑیں,"['بھارت', 'فلم']"
548,انٹر کالجز و یونیورسٹیز الحمراء ’مقابلہ گائیکی ‘ ،گیت میں عائشہ طارق ،غزل میں ریچل کے نام,"['موسیقی', 'لاہور']"
549,بگ باس 14 کی فاتح روبینہ دلیک کے ڈانس کی ویڈیو وائرل ہوگئی,"['بھارت', 'سوشل میڈیا']"
550,سلمان خان اور کترینہ کیف کی فلم ’ٹائیگر3‘ میں ولن کا کردار عمران ہاشمی ادا کریں گے,"['بھارت', 'ممبئی', 'سلمان خان', 'یورپ', 'عید', 'فلم']"
551,ڈوین جانسن نے ورزش کے بعد مداحوں کی مدد اور رہنمائی کیلئے اپنی ڈائٹ ویڈیو شیئر کردی,['پانی']
552,دپیکا پڈوکون سے ریسٹورنٹ کے باہر گاڑی میں بیٹھتے وقت خاتون کی بیگ چھیننے کی کوشش ,"['گاڑی', 'بھارت', 'ممبئی', 'سوشل میڈیا']"
553,شہروز کو علیزے شاہ کے ساتھ کام کرنے کی اجازت نہیں دوں گی، صدف کنول,[]
554,ماہرہ خان بھی کرس گیل کے گگلی چیلنج میں شامل ہوگئی,"['ٹوئٹر', 'کرکٹ', 'کوئٹہ', 'پاکستان سپر لیگ', 'پاکستان', 'پشاور', 'کوئٹہ گلیڈی ایٹرز', 'پشاور زلمی']"
555,ہدایت کار قاسم علی مرید نے فلم میکر سعدیہ جبار سے شادی کر لی,"['شادی', 'شوبز', 'فلم', 'کار']"
556,فیلڈنگ کے دوران ساتھی کھلاڑیوں پر غصہ کرنے کا الزام غلط: سرفراز احمد,"['میرا', 'پاکستان سپر لیگ', 'کوئٹہ', 'کوئٹہ گلیڈی ایٹرز']"
557,سعودی عرب میں شراب کی بڑی کھیپ اسمگل کرنے کی کوشش ناکام بنا دی گئی,"['سعودی', 'بھارت', 'ریاض', 'سعودی عرب', 'منشیات', 'پولیس', 'مکہ المکرمہ', 'عدالت']"
558,اٹک، لیہ، راجن پور، بہاولنگر اور سیالکوٹ میں مدر اینڈ چائلڈ ہسپتالوں کی تعمیر پر28 ارب روپے لاگت آئیگی:عثمان بزدار,"['یاسمین راشد', 'لاہور', 'پنجاب', 'عثمان بزدار', 'علاج', 'ڈاکٹر', 'وزیراعلیٰ پنجاب', 'کرونا وائرس']"
559,وزیراعظم عمران خان کی قیادت میں شفاف پاکستان کی بنیاد رکھی، ,"['کرپشن', 'پنجاب', 'عثمان بزدار', 'وزیراعظم', 'وزیراعلیٰ پنجاب', 'پاکستان تحریک انصاف', 'پاکستان', 'عام انتخابات 2018']"
560,سینیٹ الیکشن ، اپوزیشن لیڈر کی لاہور میں ووٹ کاسٹ کرنے کی درخواست مسترد,"['پیپلز پارٹی', 'ووٹ', 'لاہور', 'حمزہ شہباز', 'مسلم لیگ (ن)', 'الیکشن کمیشن', 'قومی اسمبلی', 'یوسف رضا گیلانی', 'شہباز شریف', 'پارلیمنٹ', 'اسمبلی', 'عدالت', 'پاکستان', 'سینیٹ', 'الیکشن', 'عام انتخابات 2018']"
561,ڈسکہ الیکشن:-ن لیگ کے امیدوار الیکشن کمیشن کے فیصلے کے خلاف سپریم کورٹ میں اپیل کریں گے:ڈاکٹرفردوس عاشق,"['بھارت', 'حمزہ شہباز', 'مسلم لیگ (ن)', 'کھیل', 'بلدیاتی انتخابات', 'سپریم کورٹ', 'لانگ مارچ', 'ووٹ', 'وزیراعلیٰ پنجاب', 'پنجاب اسمبلی', 'الیکشن', 'نریندرا مودی', 'پنجاب', 'پاکستان تحریک انصاف', 'ریمنڈ ڈیوس', 'عام انتخابات 2018', 'الیکشن کمیشن', 'وزیراعظم', 'اسمبلی', 'عدالت']"
562,ٹریفک قوانین کی پاسداری،محفوظ سفر کی ضامن ہے،سی ٹی او لاہور کیپٹن سید حماد عابد,"['ٹریفک', 'لاہور']"
563,وزیر اعظم اور وزیر اعلیٰ پنجاب کی خصوصی ہدایات پر قبضہ گروپوں کیخلاف آپریشن جاری رہے گا، سی سی پی او لاہور,"['وزیر اعلیٰ', 'لاہور', 'پولیس', 'پنجاب']"
564,ٹوبہ ٹیک سنگھ، ڈسٹرکٹ پولیس آفیسر کے حکم پر 13رجب ولادت حضرت علی کے موقع پر ضلع بھر میں سیکورٹی کے فول پروف انتظامات,"['تھانہ', 'ٹریفک', 'پولیس']"
565,نایاب نسل کا بارہ سنگا میرپور آزاد کشمیر کی پہاڑیوں سے اتر کر شہر میں داخل ہوگیا,"['مسئلہ کشمیر', 'آزاد کشمیر']"
566,ڈسٹرکٹ ہیلتھ اتھارٹی جہلم میں آج مزید 5 افراد کی رپورٹ مثبت موصول ہوئی،ڈاکٹر وسیم اقبال، ڈاکٹر مظہر حیات,"['علاج', 'ڈاکٹر', 'کرونا وائرس']"
567,اشیاء خوردونوش کی قیمتوں پر کڑی نظر رکھی جائے عوام کو ریلیف فراہم کرنا ہماری ذمہ داری ہے،ایڈیشنل کمشنر جنرل جہلم ,"['آٹا', 'مہنگائی', 'حکومت پنجاب', 'پنجاب']"
568,ڈپٹی کمشنر و ایڈمنسٹریٹر جہلم کا میونسپل کارپوریشن کا دورہ، ,"['پنجاب', 'حکومت پنجاب', 'کرکٹ', 'ریکارڈ', 'درآمد', 'کرونا وائرس']"
569,ڈسٹرکٹ پولیس آفیسر جہلم زخمی ہونیوالے پولیس کانسٹیبل کی عیادت کیلئے اس کے گھر پہنچ گئے,"['زخمی', 'پولیس', 'منشیات']"
570,میں پاک فوج کی بہادری سے بہت متاثر ہوا ہوں، مجھے صرف یہ پتہ کہ امن ہونا چاہئیے ،,"['بھارت', ' پلوامہ حملہ', 'علاج', 'وزیراعظم', 'فوج', 'مسئلہ کشمیر', 'پاکستان فضائیہ', 'پارلیمنٹ', 'مقبوضہ کشمیر', 'ابھیندن', 'پاکستان', 'ہلاک', 'کار']"
571,طاہر عباس نے PSL کے خصوصی ترانے ’’کھیلورے‘‘ کا ٹیزر ریلیز کردیا,"['پاکستان سپر لیگ', 'میرا', 'بجٹ', 'پاکستان']"
572,ایونٹ آرگنائزر مونی خان نے ’سٹار ایوارڈنائٹ‘کی تیاری شروع کردی,"['شوبز', 'فلم', 'لاہور', 'جیولری']"
573,الحمراء اکیڈمی آف پرفارمنگ آرٹس کے اساتذہ کی تنخواہوں میں اضافے کیلئے کمیٹی کی تشکیل دیدی گئی,[]
574,صرف گلیمر کے ذریعے لوگوں کو متوجہ رکھنا مثبت سوچ نہیں ہے‘ راشدمحمود,"['فلم', 'دنیا']"
575,رابی پیرزادہ ہاتھ سے قرآن پاک لکھنے میں مصروف ,['شوبز']
576,رقص تھیٹر کا حصہ ،نہیں دکھایا جائے گا تو تھیٹرچلانا مشکل ہو جائیگا‘خوشبو,"['شوبز', 'میرا']"
577,آپ آسانی نہیں بانٹیں گے تو آپ کیلئے بھی کبھی آسانی نہیں ہو گی‘ ایوب کھوسہ,['کار']
578,مجھے آئندہ سے شیبا بٹ کی بجائے شیبا پاکستان لکھا اور پکارا جائے ‘ اداکارہ کا مطالبہ,['پاکستان']
579,ہمارے ڈرامے میں کچھ چیزیں ایسی ہیں جن پر یقینا اعتراض اٹھایا جا سکتا ہے ‘ فرزانہ تھیم ,"['دنیا', 'میرا', 'کراچی']"
580,گلوکارہ شبنم مجید نے دوبارہ سے شوبز سر گرمیوں کا آغاز کر دیا ,"['شوبز', 'قتل']"
581,سعودی ولی عہد کو جمال خاشقجی کے قتل کا ذمہ دارقراردینے والی امریکی رپورٹ پر سعودی ردِ عمل آ گیا,"['سعودی', 'طلاق', 'دفتر خارجہ', 'قتل', 'جمال خشوگی', 'سعودی عرب', 'محمد بن سلمان آل سعود', 'امریکہ', 'عدالت', 'ترکی', 'سعودی شہری']"
582, آصف زرداری نے پنڈی اہم پیغام بھیج دیا، سابق صدر کے لیے حالات سازگار ہو گئے,"['میاں نواز شریف', 'جیل', 'حمزہ شہباز', 'الیکشن کمیشن', 'قتل', 'آصف علی زرداری', 'وزیراعظم', 'شہباز شریف', 'مریم نواز شریف', 'نجی ٹی وی چینل', 'جہانگیر خان ترین', 'الیکشن', 'عام انتخابات 2018']"
583,وزیراعظم عمران خان کی آپریشن سوئفٹ ریٹارٹ کی کامیابی کے 2 سال مکمل ہونے پر پوری قوم اور افواج کو مبارکباد ,"['بھارت', 'دنیا', 'وزیراعظم', 'اقوام متحدہ', 'مسئلہ کشمیر', 'پاکستان فضائیہ', 'مقبوضہ کشمیر', 'لائن آف کنٹرول', 'پاکستان']"
584,حمزہ شہباز کی رہائی کے موقع پر مریم نواز نے اعلان کر دیا ,"['جیل', 'لاہور', 'حمزہ شہباز', 'مسلم لیگ (ن)', 'پنجاب', 'سماعت', 'شہباز شریف', 'اسمبلی', 'مریم نواز شریف', 'پنجاب اسمبلی', 'عدالت', 'پاکستان']"
585,سابق ناظم کو ہتھکڑی لگا کر درخت کے ساتھ باندھ دیا گیا,"['ڈاکٹر', 'پولیس', 'سوشل میڈیا', 'وزیراعظم']"
586,یہ ہم ہیں،یہ ہمارے ٹوٹے ہوئے گھر ہیں اور ہم بے گھر ہیں ,"['بھارت', 'دنیا', 'ووٹ', 'سوشل میڈیا', 'بلوچستان', 'مریم نواز شریف', 'پاکستان']"
587,62عدد چپڑاسی کی پوسٹس پر3700پی ایچ ڈی ہولڈر لوگوں نے اپلائی کر دیا,"['بھارت', 'دنیا', 'تعلیم', 'پولیس', 'ملازمت', 'پاکستان', 'کرونا وائرس', 'کاروبار']"
588,لاہور میں لاقانونیت کی انتہاکر دی گئی,"['وزیر اعلیٰ', 'ٹوئٹر', 'لاہور', 'بیوی', 'پنجاب', 'عثمان بزدار', 'چور', 'پولیس', 'اسلحہ']"
589,14سالہ لڑکے کو چوری کے الزام میں منہ کالا کر کے برہنہ کر دیاگیا,"['ٹوئٹر', 'سوشل میڈیا', 'پنجاب']"
590,سوئی گیس کا افتتاح کیے بغیر وفاقی وزیر کیوں گئے؟,"['مہنگائی', 'سوئی گیس', 'سوشل میڈیا', 'پاکستان تحریک انصاف', 'سڑک', 'عدالت', 'فلم']"
591,امریکا نے سرکاری طور پرجمال خشوگی قتل کیس میں سعودی ولی عہد کو ذمہ دار قراردیدیا,"['یمن', 'ڈونلڈ ٹرمپ', 'ریاض', 'قتل', 'کار', 'دنیا', 'شادی', 'اسلحہ', 'ریکارڈ', 'تیل', 'سعودی', 'اقوام متحدہ', 'محمد بن سلمان آل سعود', 'ہلاک', 'ایران', 'ڈاکٹر', 'جمال خشوگی', 'سعودی عرب', 'امریکہ', 'واشنگٹن']"
